timestamp,event_type,side,price,size
1700000000000000000,add,bid,29999.0,5.0
1700000000000000001,add,ask,30001.0,5.0
1700000000000000131,trade,ask,30001.0,0.9028
1700000000000000212,trade,ask,30001.0,0.8969
1700000000000000348,add,bid,29999.01,0.6772
1700000000000000473,trade,ask,30001.01,0.0843
1700000000000000550,trade,ask,30001.01,0.7423
1700000000000000671,trade,ask,30001.01,0.7974
1700000000000000790,trade,ask,30001.01,0.5666
1700000000000000875,add,bid,29999.02,0.0575
1700000000000000945,add,bid,29999.02,0.4413
1700000000000001014,trade,ask,30001.02,0.928
1700000000000001077,trade,ask,30001.02,0.1612
1700000000000001171,add,bid,29999.02,0.9782
1700000000000001314,trade,ask,30001.03,0.1936
1700000000000001412,trade,ask,30001.03,0.3872
1700000000000001542,add,bid,29999.03,1.041
1700000000000001665,trade,ask,30001.03,0.13
1700000000000001799,trade,ask,30001.03,0.3828
1700000000000001859,cancel,bid,29999.04,1.0465
1700000000000001957,trade,ask,30001.04,0.781
1700000000000002053,trade,ask,30001.04,0.4586
1700000000000002188,trade,ask,30001.04,1.1272
1700000000000002320,trade,ask,30001.04,0.7802
1700000000000002438,add,bid,29999.05,0.2379
1700000000000002536,trade,ask,30001.05,1.1142
1700000000000002674,trade,ask,30001.05,0.8373
1700000000000002822,add,bid,29999.05,0.3134
1700000000000002876,add,bid,29999.05,0.5113
1700000000000002934,trade,ask,30001.06,1.1343
1700000000000003075,trade,ask,30001.06,0.8038
1700000000000003175,cancel,bid,29999.06,0.7893
1700000000000003243,trade,ask,30001.06,0.3336
1700000000000003364,trade,ask,30001.06,0.9091
1700000000000003468,cancel,bid,29999.07,0.5093
1700000000000003546,cancel,bid,29999.07,0.2091
1700000000000003659,trade,ask,30001.07,0.1042
1700000000000003723,trade,ask,30001.07,0.234
1700000000000003860,trade,ask,30001.07,0.1231
1700000000000003958,trade,ask,30001.08,0.5883
1700000000000004040,cancel,bid,29999.08,1.0399
1700000000000004091,add,bid,29999.08,0.1817
1700000000000004209,add,bid,29999.08,0.9339
1700000000000004302,trade,ask,30001.08,0.55
1700000000000004410,trade,ask,30001.09,0.8804
1700000000000004552,trade,ask,30001.09,0.6257
1700000000000004624,trade,ask,30001.09,0.1724
1700000000000004754,trade,ask,30001.09,0.7848
1700000000000004881,trade,ask,30001.09,0.48
1700000000000004951,trade,ask,30001.1,0.9454
1700000000000005068,cancel,bid,29999.1,0.7388
1700000000000005180,trade,ask,30001.1,1.1185
1700000000000005269,trade,ask,30001.1,0.327
1700000000000005391,cancel,bid,29999.1,0.1485
1700000000000005503,add,bid,29999.11,1.1747
1700000000000005621,add,bid,29999.11,0.1977
1700000000000005731,cancel,bid,29999.11,0.2399
1700000000000005848,cancel,bid,29999.11,0.5366
1700000000000005925,cancel,bid,29999.11,0.9186
1700000000000006063,trade,ask,30001.12,0.4085
1700000000000006198,add,bid,29999.12,0.5538
1700000000000006314,trade,ask,30001.12,0.3351
1700000000000006372,trade,ask,30001.12,0.7266
1700000000000006451,trade,ask,30001.12,0.0583
1700000000000006591,add,bid,29999.13,0.3133
1700000000000006645,cancel,bid,29999.13,0.1315
1700000000000006725,trade,ask,30001.13,0.6082
1700000000000006844,trade,ask,30001.13,1.1258
1700000000000006967,trade,ask,30001.13,0.3294
1700000000000007077,add,bid,29999.14,0.269
1700000000000007139,add,bid,29999.14,0.4574
1700000000000007241,trade,ask,30001.14,0.8884
1700000000000007377,add,bid,29999.14,0.7931
1700000000000007434,trade,ask,30001.14,0.4402
1700000000000007497,trade,ask,30001.15,0.2687
1700000000000007604,trade,ask,30001.15,0.261
1700000000000007713,trade,ask,30001.15,1.1118
1700000000000007819,add,bid,29999.15,1.0344
1700000000000007881,trade,ask,30001.15,1.1992
1700000000000007932,cancel,bid,29999.16,1.1153
1700000000000008012,trade,ask,30001.16,0.6085
1700000000000008089,cancel,bid,29999.16,1.0878
1700000000000008160,trade,ask,30001.16,1.1831
1700000000000008243,cancel,bid,29999.16,0.9529
1700000000000008329,trade,ask,30001.17,1.1509
1700000000000008479,trade,ask,30001.17,0.8762
1700000000000008548,trade,ask,30001.17,0.3004
1700000000000008605,trade,ask,30001.17,0.6735
1700000000000008750,trade,ask,30001.17,0.1077
1700000000000008861,trade,ask,30001.18,1.0306
1700000000000008931,trade,ask,30001.18,0.634
1700000000000009004,trade,ask,30001.18,0.1282
1700000000000009084,trade,ask,30001.18,1.1328
1700000000000009206,trade,ask,30001.18,0.7337
1700000000000009335,trade,ask,30001.19,0.806
1700000000000009457,trade,ask,30001.19,1.1249
1700000000000009533,add,bid,29999.19,0.4113
1700000000000009616,trade,ask,30001.19,0.8224
1700000000000009704,trade,ask,30001.19,1.1184
1700000000000009763,trade,ask,30001.2,0.7643
1700000000000009885,cancel,bid,29999.2,0.1342
1700000000000009962,trade,ask,30001.2,0.2023
1700000000000010056,cancel,bid,29999.2,1.0612
1700000000000010153,trade,ask,30001.2,0.5539
1700000000000010272,add,bid,29999.21,0.7534
1700000000000010405,trade,ask,30001.21,0.818
1700000000000010525,trade,ask,30001.21,0.8129
1700000000000010592,trade,ask,30001.21,1.0732
1700000000000010737,trade,ask,30001.21,0.3632
1700000000000010864,trade,ask,30001.22,0.4443
1700000000000011001,add,bid,29999.22,0.3536
1700000000000011113,trade,ask,30001.22,1.0944
1700000000000011169,trade,ask,30001.22,0.5371
1700000000000011254,trade,ask,30001.22,0.4336
1700000000000011320,add,bid,29999.23,0.3512
1700000000000011464,trade,ask,30001.23,0.8615
1700000000000011585,trade,ask,30001.23,0.1365
1700000000000011723,cancel,bid,29999.23,0.6774
1700000000000011820,trade,ask,30001.23,0.2203
1700000000000011886,trade,ask,30001.24,0.4693
1700000000000011941,cancel,bid,29999.24,0.2916
1700000000000012022,add,bid,29999.24,0.4567
1700000000000012143,cancel,bid,29999.24,0.5173
1700000000000012272,add,bid,29999.24,1.1146
1700000000000012352,cancel,bid,29999.25,1.1726
1700000000000012424,cancel,bid,29999.25,0.0785
1700000000000012568,cancel,bid,29999.25,0.9497
1700000000000012670,add,bid,29999.25,1.0437
1700000000000012751,trade,ask,30001.25,0.9555
1700000000000012814,trade,ask,30001.26,0.0945
1700000000000012924,trade,ask,30001.26,0.9891
1700000000000013032,trade,ask,30001.26,0.9936
1700000000000013111,trade,ask,30001.26,0.809
1700000000000013212,trade,ask,30001.26,1.044
1700000000000013360,trade,ask,30001.27,0.7877
1700000000000013461,add,bid,29999.27,1.0202
1700000000000013553,cancel,bid,29999.27,0.1826
1700000000000013636,trade,ask,30001.27,1.1569
1700000000000013719,trade,ask,30001.27,0.7361
1700000000000013813,add,bid,29999.28,0.4107
1700000000000013940,cancel,bid,29999.28,0.183
1700000000000014063,trade,ask,30001.28,0.101
1700000000000014168,trade,ask,30001.28,1.1144
1700000000000014286,add,bid,29999.28,1.1313
1700000000000014430,add,bid,29999.29,0.4689
1700000000000014488,cancel,bid,29999.29,1.1089
1700000000000014617,trade,ask,30001.29,1.0252
1700000000000014759,cancel,bid,29999.29,0.6332
1700000000000014894,trade,ask,30001.29,0.5128
1700000000000014981,trade,ask,30001.3,0.2706
1700000000000015116,cancel,bid,29999.3,0.8289
1700000000000015188,add,bid,29999.3,0.3961
1700000000000015308,add,bid,29999.3,0.3995
1700000000000015384,trade,ask,30001.3,0.717
1700000000000015517,trade,ask,30001.31,0.5581
1700000000000015653,trade,ask,30001.31,0.5942
1700000000000015797,trade,ask,30001.31,0.1475
1700000000000015912,add,bid,29999.31,0.7621
1700000000000015973,add,bid,29999.31,0.9138
1700000000000016109,trade,ask,30001.32,0.9775
1700000000000016177,trade,ask,30001.32,0.3316
1700000000000016287,add,bid,29999.32,0.9338
1700000000000016395,trade,ask,30001.32,0.7742
1700000000000016469,add,bid,29999.32,0.4916
1700000000000016570,trade,ask,30001.33,0.8045
1700000000000016620,cancel,bid,29999.33,1.0395
1700000000000016683,add,bid,29999.33,0.3017
1700000000000016822,trade,ask,30001.33,0.1078
1700000000000016903,cancel,bid,29999.33,0.1896
1700000000000016970,add,bid,29999.34,0.8177
1700000000000017091,trade,ask,30001.34,1.1425
1700000000000017197,add,bid,29999.34,0.8772
1700000000000017311,trade,ask,30001.34,1.0929
1700000000000017418,cancel,bid,29999.34,0.9052
1700000000000017528,trade,ask,30001.35,0.9145
1700000000000017659,trade,ask,30001.35,0.9443
1700000000000017771,add,bid,29999.35,0.3658
1700000000000017830,add,bid,29999.35,0.3197
1700000000000017922,trade,ask,30001.35,0.6712
1700000000000017989,trade,ask,30001.36,0.4905
1700000000000018058,add,bid,29999.36,0.1239
1700000000000018160,trade,ask,30001.36,0.5858
1700000000000018217,trade,ask,30001.36,0.5332
1700000000000018365,trade,ask,30001.36,0.8499
1700000000000018512,trade,ask,30001.37,0.5985
1700000000000018607,trade,ask,30001.37,0.4985
1700000000000018710,trade,ask,30001.37,0.8948
1700000000000018837,cancel,bid,29999.37,0.6115
1700000000000018921,trade,ask,30001.37,0.0834
1700000000000019014,add,bid,29999.38,0.9679
1700000000000019156,trade,ask,30001.38,0.5875
1700000000000019222,cancel,bid,29999.38,0.6642
1700000000000019322,trade,ask,30001.38,0.8124
1700000000000019382,add,bid,29999.38,0.2061
1700000000000019491,trade,ask,30001.39,0.3492
1700000000000019582,trade,ask,30001.39,0.4259
1700000000000019729,cancel,bid,29999.39,0.37
1700000000000019832,trade,ask,30001.39,0.1442
1700000000000019884,add,bid,29999.39,0.1099
1700000000000019978,trade,ask,30001.4,0.1289
1700000000000020111,trade,ask,30001.4,0.0857
1700000000000020192,trade,ask,30001.4,0.0734
1700000000000020261,trade,ask,30001.4,0.5946
1700000000000020325,trade,ask,30001.4,0.3007
1700000000000020464,trade,ask,30001.41,0.4742
1700000000000020591,add,bid,29999.41,0.9101
1700000000000020655,add,bid,29999.41,0.2383
1700000000000020744,trade,ask,30001.41,0.0795
1700000000000020833,trade,ask,30001.41,1.0942
1700000000000020931,trade,ask,30001.42,0.8723
1700000000000020990,trade,ask,30001.42,1.0052
1700000000000021071,trade,ask,30001.42,0.9384
1700000000000021208,add,bid,29999.42,0.1892
1700000000000021330,add,bid,29999.42,0.4493
1700000000000021434,add,bid,29999.43,0.1293
1700000000000021566,trade,ask,30001.43,1.027
1700000000000021678,trade,ask,30001.43,1.1549
1700000000000021809,cancel,bid,29999.43,0.5787
1700000000000021878,trade,ask,30001.43,0.8939
1700000000000022011,trade,ask,30001.44,0.9794
1700000000000022129,add,bid,29999.44,0.5846
1700000000000022272,trade,ask,30001.44,0.4207
1700000000000022353,add,bid,29999.44,0.1497
1700000000000022460,trade,ask,30001.44,0.5844
1700000000000022588,add,bid,29999.45,0.4369
1700000000000022701,cancel,bid,29999.45,0.2591
1700000000000022778,trade,ask,30001.45,0.3471
1700000000000022863,cancel,bid,29999.45,0.8564
1700000000000022948,trade,ask,30001.45,0.6441
1700000000000023022,trade,ask,30001.46,0.8781
1700000000000023134,trade,ask,30001.46,0.3264
1700000000000023244,add,bid,29999.46,0.6144
1700000000000023296,trade,ask,30001.46,0.3048
1700000000000023434,trade,ask,30001.46,0.8136
1700000000000023531,trade,ask,30001.47,0.6606
1700000000000023635,cancel,bid,29999.47,0.6829
1700000000000023730,add,bid,29999.47,0.3616
1700000000000023812,trade,ask,30001.47,0.8795
1700000000000023902,trade,ask,30001.47,0.6662
1700000000000024049,add,bid,29999.48,0.2703
1700000000000024193,trade,ask,30001.48,0.8833
1700000000000024340,trade,ask,30001.48,0.3754
1700000000000024402,add,bid,29999.48,0.3907
1700000000000024498,trade,ask,30001.48,0.0663
1700000000000024616,trade,ask,30001.49,0.1023
1700000000000024672,trade,ask,30001.49,0.852
1700000000000024738,add,bid,29999.49,0.9157
1700000000000024801,cancel,bid,29999.49,0.7102
1700000000000024911,trade,ask,30001.49,0.4418
1700000000000024967,trade,ask,30001.5,1.041
1700000000000025031,add,bid,29999.5,0.5108
1700000000000025090,trade,ask,30001.5,0.8394
1700000000000025159,trade,ask,30001.5,0.6973
1700000000000025247,trade,ask,30001.5,0.3354
1700000000000025368,add,bid,29999.51,0.7473
1700000000000025497,trade,ask,30001.51,0.651
1700000000000025604,cancel,bid,29999.51,0.392
1700000000000025729,cancel,bid,29999.51,0.4012
1700000000000025858,trade,ask,30001.51,1.1541
1700000000000025920,cancel,bid,29999.52,0.289
1700000000000025997,trade,ask,30001.52,0.1434
1700000000000026077,trade,ask,30001.52,0.1363
1700000000000026127,trade,ask,30001.52,0.8428
1700000000000026237,trade,ask,30001.52,0.3162
1700000000000026377,trade,ask,30001.53,1.0385
1700000000000026436,add,bid,29999.53,1.1125
1700000000000026586,add,bid,29999.53,0.7283
1700000000000026661,trade,ask,30001.53,0.6762
1700000000000026793,trade,ask,30001.53,0.3555
1700000000000026861,trade,ask,30001.54,0.2408
1700000000000026950,trade,ask,30001.54,0.9979
1700000000000027036,trade,ask,30001.54,0.589
1700000000000027124,add,bid,29999.54,1.1341
1700000000000027238,trade,ask,30001.54,0.5534
1700000000000027364,trade,ask,30001.55,0.5468
1700000000000027455,add,bid,29999.55,0.0797
1700000000000027534,cancel,bid,29999.55,1.0114
1700000000000027657,trade,ask,30001.55,0.0739
1700000000000027804,add,bid,29999.55,0.3599
1700000000000027859,add,bid,29999.56,0.2515
1700000000000027975,add,bid,29999.56,1.1035
1700000000000028048,cancel,bid,29999.56,0.5513
1700000000000028160,cancel,bid,29999.56,0.5905
1700000000000028262,trade,ask,30001.56,0.8207
1700000000000028332,trade,ask,30001.57,0.8477
1700000000000028418,add,bid,29999.57,0.5105
1700000000000028565,trade,ask,30001.57,0.573
1700000000000028655,trade,ask,30001.57,0.1833
1700000000000028803,trade,ask,30001.57,0.6418
1700000000000028853,add,bid,29999.58,0.674
1700000000000028955,trade,ask,30001.58,0.6462
1700000000000029084,add,bid,29999.58,0.7692
1700000000000029231,trade,ask,30001.58,0.3571
1700000000000029297,cancel,bid,29999.58,0.5538
1700000000000029436,trade,ask,30001.59,0.0832
1700000000000029566,add,bid,29999.59,0.3252
1700000000000029636,trade,ask,30001.59,0.0657
1700000000000029738,trade,ask,30001.59,1.1911
1700000000000029802,trade,ask,30001.59,0.1851
1700000000000029871,trade,ask,30001.6,0.8741
1700000000000029986,add,bid,29999.6,0.5278
1700000000000030097,cancel,ask,30001.6,0.3303
1700000000000030217,trade,bid,29999.59,0.2692
1700000000000030343,trade,bid,29999.59,1.0612
1700000000000030401,trade,bid,29999.59,0.9585
1700000000000030504,trade,bid,29999.59,0.9559
1700000000000030588,add,ask,30001.59,0.3753
1700000000000030676,add,ask,30001.58,0.7169
1700000000000030810,trade,bid,29999.58,0.2209
1700000000000030928,trade,bid,29999.58,0.4323
1700000000000031075,trade,bid,29999.58,0.5736
1700000000000031166,cancel,ask,30001.58,1.1779
1700000000000031246,trade,bid,29999.57,0.3186
1700000000000031395,trade,bid,29999.57,0.4159
1700000000000031505,add,ask,30001.57,0.9831
1700000000000031604,cancel,ask,30001.57,0.9613
1700000000000031737,cancel,ask,30001.57,0.6196
1700000000000031791,trade,bid,29999.56,1.1602
1700000000000031883,cancel,ask,30001.56,1.0553
1700000000000031989,trade,bid,29999.56,1.097
1700000000000032040,add,ask,30001.56,0.5215
1700000000000032173,cancel,ask,30001.56,0.1361
1700000000000032323,cancel,ask,30001.55,0.4393
1700000000000032461,trade,bid,29999.55,0.1424
1700000000000032553,cancel,ask,30001.55,1.0382
1700000000000032651,cancel,ask,30001.55,0.7708
1700000000000032798,trade,bid,29999.55,0.6722
1700000000000032927,trade,bid,29999.54,0.7758
1700000000000033013,cancel,ask,30001.54,0.9088
1700000000000033118,cancel,ask,30001.54,0.9244
1700000000000033258,cancel,ask,30001.54,0.5602
1700000000000033396,trade,bid,29999.54,0.0833
1700000000000033487,add,ask,30001.53,0.3874
1700000000000033584,trade,bid,29999.53,0.3308
1700000000000033686,trade,bid,29999.53,0.9614
1700000000000033757,trade,bid,29999.53,0.7509
1700000000000033855,add,ask,30001.53,0.327
1700000000000033979,trade,bid,29999.52,0.5803
1700000000000034061,trade,bid,29999.52,0.8169
1700000000000034170,cancel,ask,30001.52,0.8293
1700000000000034240,trade,bid,29999.52,1.137
1700000000000034365,trade,bid,29999.52,1.1563
1700000000000034503,trade,bid,29999.51,1.0221
1700000000000034578,cancel,ask,30001.51,1.0313
1700000000000034641,trade,bid,29999.51,0.7077
1700000000000034764,trade,bid,29999.51,0.8542
1700000000000034816,cancel,ask,30001.51,0.807
1700000000000034901,trade,bid,29999.5,1.0448
1700000000000035050,add,ask,30001.5,0.1064
1700000000000035177,add,ask,30001.5,1.0078
1700000000000035263,add,ask,30001.5,0.3146
1700000000000035358,trade,bid,29999.5,0.2687
1700000000000035440,add,ask,30001.49,0.8791
1700000000000035574,add,ask,30001.49,0.2073
1700000000000035636,cancel,ask,30001.49,0.7933
1700000000000035725,add,ask,30001.49,0.0884
1700000000000035821,add,ask,30001.49,0.1537
1700000000000035908,trade,bid,29999.48,0.5278
1700000000000035983,trade,bid,29999.48,0.6703
1700000000000036079,trade,bid,29999.48,1.1005
1700000000000036150,trade,bid,29999.48,0.9984
1700000000000036261,cancel,ask,30001.48,0.3894
1700000000000036354,add,ask,30001.47,0.5886
1700000000000036413,trade,bid,29999.47,1.1615
1700000000000036549,add,ask,30001.47,1.1769
1700000000000036670,trade,bid,29999.47,0.9593
1700000000000036721,trade,bid,29999.47,0.1921
1700000000000036818,add,ask,30001.46,0.8232
1700000000000036942,trade,bid,29999.46,0.7843
1700000000000037039,trade,bid,29999.46,0.3189
1700000000000037092,add,ask,30001.46,1.1346
1700000000000037183,cancel,ask,30001.46,0.3046
1700000000000037241,add,ask,30001.45,0.5839
1700000000000037380,trade,bid,29999.45,0.5195
1700000000000037447,trade,bid,29999.45,0.0928
1700000000000037560,trade,bid,29999.45,0.32
1700000000000037678,trade,bid,29999.45,0.5717
1700000000000037813,cancel,ask,30001.44,0.851
1700000000000037932,trade,bid,29999.44,0.9036
1700000000000038001,cancel,ask,30001.44,0.8032
1700000000000038113,add,ask,30001.44,1.1299
1700000000000038198,trade,bid,29999.44,0.4761
1700000000000038304,trade,bid,29999.43,0.3215
1700000000000038400,trade,bid,29999.43,0.8385
1700000000000038519,cancel,ask,30001.43,0.7916
1700000000000038576,trade,bid,29999.43,0.2683
1700000000000038641,cancel,ask,30001.43,0.9978
1700000000000038702,add,ask,30001.42,0.788
1700000000000038828,cancel,ask,30001.42,0.1082
1700000000000038920,trade,bid,29999.42,0.1948
1700000000000039042,trade,bid,29999.42,1.0043
1700000000000039162,trade,bid,29999.42,0.2983
1700000000000039241,trade,bid,29999.41,0.2197
1700000000000039367,trade,bid,29999.41,1.0372
1700000000000039435,cancel,ask,30001.41,0.6712
1700000000000039507,trade,bid,29999.41,1.0464
1700000000000039573,trade,bid,29999.41,0.9585
1700000000000039653,trade,bid,29999.4,0.0681
1700000000000039736,trade,bid,29999.4,0.903
1700000000000039853,trade,bid,29999.4,0.1231
1700000000000039960,add,ask,30001.4,0.6402
1700000000000040023,trade,bid,29999.4,0.3048
1700000000000040151,trade,bid,29999.39,0.9507
1700000000000040285,trade,bid,29999.39,0.5767
1700000000000040338,trade,bid,29999.39,0.6008
1700000000000040439,trade,bid,29999.39,0.1742
1700000000000040580,cancel,ask,30001.39,0.1345
1700000000000040640,trade,bid,29999.38,0.2206
1700000000000040706,trade,bid,29999.38,0.778
1700000000000040826,add,ask,30001.38,0.488
1700000000000040952,trade,bid,29999.38,0.5718
1700000000000041079,trade,bid,29999.38,0.9621
1700000000000041143,cancel,ask,30001.37,0.7986
1700000000000041291,trade,bid,29999.37,1.0453
1700000000000041396,trade,bid,29999.37,0.3128
1700000000000041489,add,ask,30001.37,0.5085
1700000000000041632,trade,bid,29999.37,0.5408
1700000000000041767,trade,bid,29999.36,1.1466
1700000000000041904,cancel,ask,30001.36,0.1272
1700000000000041964,trade,bid,29999.36,0.161
1700000000000042108,trade,bid,29999.36,0.1996
1700000000000042165,trade,bid,29999.36,0.6958
1700000000000042257,add,ask,30001.35,0.5224
1700000000000042392,cancel,ask,30001.35,0.5364
1700000000000042534,trade,bid,29999.35,0.3808
1700000000000042623,trade,bid,29999.35,0.7146
1700000000000042700,trade,bid,29999.35,0.6045
1700000000000042763,trade,bid,29999.34,0.6897
1700000000000042827,add,ask,30001.34,0.7102
1700000000000042931,add,ask,30001.34,1.1707
1700000000000043060,add,ask,30001.34,0.7891
1700000000000043113,add,ask,30001.34,0.8065
1700000000000043251,trade,bid,29999.33,0.2575
1700000000000043390,add,ask,30001.33,1.1098
1700000000000043484,trade,bid,29999.33,1.0503
1700000000000043606,add,ask,30001.33,0.13
1700000000000043750,add,ask,30001.33,0.0853
1700000000000043895,trade,bid,29999.32,0.4826
1700000000000044003,trade,bid,29999.32,0.4756
1700000000000044145,trade,bid,29999.32,1.1326
1700000000000044271,trade,bid,29999.32,0.1105
1700000000000044341,add,ask,30001.32,0.1072
1700000000000044401,trade,bid,29999.31,0.8112
1700000000000044513,add,ask,30001.31,0.5263
1700000000000044590,add,ask,30001.31,0.1809
1700000000000044695,trade,bid,29999.31,0.83
1700000000000044820,trade,bid,29999.31,0.8172
1700000000000044875,trade,bid,29999.3,1.1821
1700000000000044932,trade,bid,29999.3,0.3966
1700000000000045009,add,ask,30001.3,0.9288
1700000000000045096,trade,bid,29999.3,0.0589
1700000000000045241,trade,bid,29999.3,0.1986
1700000000000045359,add,ask,30001.29,0.6253
1700000000000045494,add,ask,30001.29,0.1329
1700000000000045638,trade,bid,29999.29,0.0716
1700000000000045697,cancel,ask,30001.29,0.7121
1700000000000045820,trade,bid,29999.29,0.7862
1700000000000045907,trade,bid,29999.28,0.074
1700000000000045998,trade,bid,29999.28,1.1398
1700000000000046106,add,ask,30001.28,1.1077
1700000000000046167,trade,bid,29999.28,0.1717
1700000000000046272,trade,bid,29999.28,0.6526
1700000000000046372,cancel,ask,30001.27,0.9077
1700000000000046450,trade,bid,29999.27,0.2434
1700000000000046565,add,ask,30001.27,0.6602
1700000000000046639,cancel,ask,30001.27,0.4518
1700000000000046782,cancel,ask,30001.27,0.7923
1700000000000046850,trade,bid,29999.26,0.2184
1700000000000046925,trade,bid,29999.26,0.2258
1700000000000047072,add,ask,30001.26,0.2537
1700000000000047220,add,ask,30001.26,0.5835
1700000000000047342,add,ask,30001.26,0.5662
1700000000000047464,add,ask,30001.25,1.1845
1700000000000047555,cancel,ask,30001.25,0.7713
1700000000000047624,trade,bid,29999.25,0.5893
1700000000000047754,trade,bid,29999.25,0.3659
1700000000000047811,trade,bid,29999.25,0.1353
1700000000000047920,trade,bid,29999.24,0.1154
1700000000000048006,trade,bid,29999.24,1.0439
1700000000000048067,add,ask,30001.24,0.6331
1700000000000048176,trade,bid,29999.24,1.1474
1700000000000048320,cancel,ask,30001.24,0.5672
1700000000000048443,add,ask,30001.23,0.4198
1700000000000048553,trade,bid,29999.23,1.1514
1700000000000048660,trade,bid,29999.23,1.084
1700000000000048753,cancel,ask,30001.23,0.147
1700000000000048885,trade,bid,29999.23,0.3349
1700000000000048991,cancel,ask,30001.22,0.6527
1700000000000049119,trade,bid,29999.22,0.4788
1700000000000049205,trade,bid,29999.22,0.9406
1700000000000049341,trade,bid,29999.22,0.9576
1700000000000049473,trade,bid,29999.22,0.4291
1700000000000049594,add,ask,30001.21,0.3768
1700000000000049736,cancel,ask,30001.21,1.1591
1700000000000049863,cancel,ask,30001.21,0.4334
1700000000000049987,add,ask,30001.21,1.1043
1700000000000050076,cancel,ask,30001.21,0.8533
1700000000000050176,trade,bid,29999.2,0.8652
1700000000000050236,trade,bid,29999.2,0.4832
1700000000000050328,add,ask,30001.2,0.8206
1700000000000050472,cancel,ask,30001.2,1.0993
1700000000000050533,add,ask,30001.2,0.5369
1700000000000050629,trade,bid,29999.19,0.4052
1700000000000050706,trade,bid,29999.19,0.9311
1700000000000050780,trade,bid,29999.19,0.2082
1700000000000050839,trade,bid,29999.19,0.9563
1700000000000050953,add,ask,30001.19,1.0104
1700000000000051070,trade,bid,29999.18,0.4373
1700000000000051218,add,ask,30001.18,0.7368
1700000000000051287,trade,bid,29999.18,1.006
1700000000000051435,add,ask,30001.18,1.0881
1700000000000051577,trade,bid,29999.18,0.5225
1700000000000051713,add,ask,30001.17,1.165
1700000000000051841,trade,bid,29999.17,0.9108
1700000000000051948,trade,bid,29999.17,0.325
1700000000000052098,trade,bid,29999.17,1.0104
1700000000000052195,add,ask,30001.17,0.706
1700000000000052301,trade,bid,29999.16,0.374
1700000000000052399,trade,bid,29999.16,0.5315
1700000000000052469,add,ask,30001.16,0.9714
1700000000000052536,cancel,ask,30001.16,0.11
1700000000000052647,cancel,ask,30001.16,0.6877
1700000000000052710,add,ask,30001.15,0.6433
1700000000000052775,trade,bid,29999.15,0.9276
1700000000000052859,trade,bid,29999.15,0.6404
1700000000000052964,trade,bid,29999.15,1.0971
1700000000000053071,cancel,ask,30001.15,1.12
1700000000000053174,trade,bid,29999.14,0.6273
1700000000000053254,trade,bid,29999.14,0.1438
1700000000000053332,trade,bid,29999.14,1.1204
1700000000000053473,add,ask,30001.14,0.9601
1700000000000053540,trade,bid,29999.14,1.105
1700000000000053650,add,ask,30001.13,0.2096
1700000000000053790,trade,bid,29999.13,0.7577
1700000000000053850,trade,bid,29999.13,0.298
1700000000000053919,trade,bid,29999.13,0.8863
1700000000000054036,trade,bid,29999.13,0.9426
1700000000000054116,trade,bid,29999.12,0.1049
1700000000000054219,add,ask,30001.12,0.7662
1700000000000054277,trade,bid,29999.12,1.0909
1700000000000054403,trade,bid,29999.12,0.7767
1700000000000054526,trade,bid,29999.12,0.2151
1700000000000054630,trade,bid,29999.11,0.4557
1700000000000054753,trade,bid,29999.11,0.814
1700000000000054813,trade,bid,29999.11,0.4647
1700000000000054930,trade,bid,29999.11,0.9544
1700000000000055044,trade,bid,29999.11,0.499
1700000000000055154,trade,bid,29999.1,0.4949
1700000000000055251,trade,bid,29999.1,0.0687
1700000000000055401,trade,bid,29999.1,0.3273
1700000000000055535,add,ask,30001.1,0.9372
1700000000000055679,add,ask,30001.1,0.2034
1700000000000055774,trade,bid,29999.09,0.9855
1700000000000055846,add,ask,30001.09,0.8374
1700000000000055985,trade,bid,29999.09,0.2596
1700000000000056052,trade,bid,29999.09,0.9426
1700000000000056160,trade,bid,29999.09,0.2818
1700000000000056235,cancel,ask,30001.08,0.4129
1700000000000056324,trade,bid,29999.08,1.1875
1700000000000056443,trade,bid,29999.08,0.0921
1700000000000056575,trade,bid,29999.08,0.4605
1700000000000056724,trade,bid,29999.08,0.8041
1700000000000056808,trade,bid,29999.07,0.4732
1700000000000056909,add,ask,30001.07,1.0788
1700000000000057008,trade,bid,29999.07,0.2648
1700000000000057146,trade,bid,29999.07,1.113
1700000000000057262,trade,bid,29999.07,0.145
1700000000000057366,trade,bid,29999.06,0.7428
1700000000000057439,trade,bid,29999.06,0.4194
1700000000000057499,trade,bid,29999.06,0.39
1700000000000057606,add,ask,30001.06,0.54
1700000000000057744,trade,bid,29999.06,0.5642
1700000000000057887,cancel,ask,30001.05,0.4554
1700000000000057992,trade,bid,29999.05,1.177
1700000000000058049,trade,bid,29999.05,0.7831
1700000000000058145,trade,bid,29999.05,0.9124
1700000000000058215,cancel,ask,30001.05,0.2142
1700000000000058342,add,ask,30001.04,0.5539
1700000000000058408,trade,bid,29999.04,0.9453
1700000000000058504,trade,bid,29999.04,1.1419
1700000000000058558,add,ask,30001.04,0.8309
1700000000000058655,trade,bid,29999.04,0.9275
1700000000000058778,trade,bid,29999.03,0.472
1700000000000058868,add,ask,30001.03,0.3371
1700000000000058932,trade,bid,29999.03,0.264
1700000000000059048,trade,bid,29999.03,0.6959
1700000000000059131,add,ask,30001.03,0.8596
1700000000000059208,cancel,ask,30001.02,0.3784
1700000000000059320,trade,bid,29999.02,0.2061
1700000000000059379,trade,bid,29999.02,1.0835
1700000000000059485,cancel,ask,30001.02,0.9821
1700000000000059575,add,ask,30001.02,0.866
1700000000000059695,trade,bid,29999.01,1.075
1700000000000059765,add,ask,30001.01,1.1164
1700000000000059896,trade,bid,29999.01,0.4657
1700000000000059974,trade,bid,29999.01,0.2811
1700000000000060041,trade,bid,29999.01,0.6181
1700000000000060137,trade,bid,29999.0,0.4742
1700000000000060257,trade,bid,29999.0,1.0669
1700000000000060315,trade,bid,29999.0,1.1995
1700000000000060457,trade,bid,29999.0,0.5224
1700000000000060559,add,bid,29999.0,0.1348
1700000000000060649,add,bid,29999.0,0.5675
1700000000000060786,trade,ask,30001.0,0.1976
1700000000000060935,trade,ask,30001.01,0.726
1700000000000061083,cancel,bid,29999.01,0.5475
1700000000000061140,add,bid,29999.01,0.6458
1700000000000061228,trade,ask,30001.01,0.4211
1700000000000061368,trade,ask,30001.01,1.1396
1700000000000061484,cancel,bid,29999.02,1.0228
1700000000000061566,trade,ask,30001.02,1.1498
1700000000000061651,trade,ask,30001.02,0.3982
1700000000000061769,trade,ask,30001.02,0.7871
1700000000000061894,cancel,bid,29999.02,0.2273
1700000000000062028,add,bid,29999.03,1.0873
1700000000000062121,add,bid,29999.03,0.6982
1700000000000062174,trade,ask,30001.03,1.1408
1700000000000062322,trade,ask,30001.03,0.7988
1700000000000062470,trade,ask,30001.03,0.7608
1700000000000062523,trade,ask,30001.04,0.7712
1700000000000062610,add,bid,29999.04,0.3974
1700000000000062691,add,bid,29999.04,0.8377
1700000000000062779,trade,ask,30001.04,0.8419
1700000000000062849,trade,ask,30001.04,0.6069
1700000000000062925,trade,ask,30001.05,0.2152
1700000000000063066,trade,ask,30001.05,1.1862
1700000000000063160,cancel,bid,29999.05,0.2004
1700000000000063257,trade,ask,30001.05,0.1721
1700000000000063337,trade,ask,30001.05,0.3576
1700000000000063418,trade,ask,30001.06,0.1082
1700000000000063517,cancel,bid,29999.06,0.5309
1700000000000063587,add,bid,29999.06,1.1238
1700000000000063729,trade,ask,30001.06,0.9276
1700000000000063842,cancel,bid,29999.06,0.5868
1700000000000063931,trade,ask,30001.07,0.1536
1700000000000064031,trade,ask,30001.07,1.1617
1700000000000064108,trade,ask,30001.07,0.106
1700000000000064194,trade,ask,30001.07,1.0647
1700000000000064327,add,bid,29999.07,0.3786
1700000000000064378,add,bid,29999.08,0.5456
1700000000000064461,add,bid,29999.08,0.9284
1700000000000064557,trade,ask,30001.08,0.1088
1700000000000064678,trade,ask,30001.08,0.6862
1700000000000064737,trade,ask,30001.08,0.5679
1700000000000064857,trade,ask,30001.09,1.1875
1700000000000064994,add,bid,29999.09,0.198
1700000000000065056,trade,ask,30001.09,0.9641
1700000000000065149,trade,ask,30001.09,0.4704
1700000000000065217,trade,ask,30001.09,0.6355
1700000000000065331,trade,ask,30001.1,0.0948
1700000000000065472,trade,ask,30001.1,0.5948
1700000000000065580,trade,ask,30001.1,1.0771
1700000000000065647,trade,ask,30001.1,0.755
1700000000000065717,trade,ask,30001.1,0.759
1700000000000065805,trade,ask,30001.11,0.6334
1700000000000065920,trade,ask,30001.11,0.8651
1700000000000066008,trade,ask,30001.11,0.0691
1700000000000066100,add,bid,29999.11,1.1769
1700000000000066224,trade,ask,30001.11,1.0836
1700000000000066362,add,bid,29999.12,0.7364
1700000000000066445,cancel,bid,29999.12,0.9503
1700000000000066594,trade,ask,30001.12,0.3117
1700000000000066650,trade,ask,30001.12,0.2461
1700000000000066780,add,bid,29999.12,0.9408
1700000000000066878,trade,ask,30001.13,0.8328
1700000000000066932,trade,ask,30001.13,0.8556
1700000000000067006,trade,ask,30001.13,0.4107
1700000000000067075,trade,ask,30001.13,0.2845
1700000000000067189,add,bid,29999.13,1.1086
1700000000000067333,add,bid,29999.14,0.8616
1700000000000067449,trade,ask,30001.14,0.4238
1700000000000067583,trade,ask,30001.14,0.4833
1700000000000067655,trade,ask,30001.14,0.6631
1700000000000067774,trade,ask,30001.14,0.9378
1700000000000067916,add,bid,29999.15,0.9742
1700000000000067999,add,bid,29999.15,0.2711
1700000000000068080,trade,ask,30001.15,0.3933
1700000000000068168,add,bid,29999.15,0.8606
1700000000000068306,add,bid,29999.15,0.4146
1700000000000068400,trade,ask,30001.16,1.1247
1700000000000068542,trade,ask,30001.16,0.1902
1700000000000068678,trade,ask,30001.16,1.0801
1700000000000068778,add,bid,29999.16,1.1478
1700000000000068846,trade,ask,30001.16,0.3808
1700000000000068987,trade,ask,30001.17,1.1126
1700000000000069120,trade,ask,30001.17,0.6009
1700000000000069195,add,bid,29999.17,0.3618
1700000000000069316,add,bid,29999.17,0.2079
1700000000000069444,add,bid,29999.17,0.3252
1700000000000069500,add,bid,29999.18,0.6607
1700000000000069631,trade,ask,30001.18,0.1652
1700000000000069723,add,bid,29999.18,0.1656
1700000000000069871,trade,ask,30001.18,1.1592
1700000000000069941,trade,ask,30001.18,1.1253
1700000000000070051,trade,ask,30001.19,0.2794
1700000000000070137,trade,ask,30001.19,0.7928
1700000000000070285,trade,ask,30001.19,0.7103
1700000000000070403,add,bid,29999.19,1.0279
1700000000000070457,cancel,bid,29999.19,0.2513
1700000000000070529,cancel,bid,29999.2,0.0918
1700000000000070629,add,bid,29999.2,0.2643
1700000000000070774,cancel,bid,29999.2,1.1149
1700000000000070828,trade,ask,30001.2,0.7032
1700000000000070891,cancel,bid,29999.2,0.4353
1700000000000070999,cancel,bid,29999.21,0.6748
1700000000000071112,cancel,bid,29999.21,0.2043
1700000000000071226,trade,ask,30001.21,0.2717
1700000000000071290,trade,ask,30001.21,0.8908
1700000000000071422,trade,ask,30001.21,0.2641
1700000000000071566,trade,ask,30001.22,0.3893
1700000000000071702,add,bid,29999.22,0.2518
1700000000000071833,cancel,bid,29999.22,1.001
1700000000000071948,trade,ask,30001.22,0.511
1700000000000072010,trade,ask,30001.22,0.2117
1700000000000072101,cancel,bid,29999.23,0.0579
1700000000000072200,trade,ask,30001.23,0.9168
1700000000000072292,trade,ask,30001.23,0.8813
1700000000000072343,trade,ask,30001.23,0.4635
1700000000000072423,trade,ask,30001.23,0.186
1700000000000072512,trade,ask,30001.24,0.839
1700000000000072652,add,bid,29999.24,0.8438
1700000000000072783,cancel,bid,29999.24,0.3893
1700000000000072911,trade,ask,30001.24,1.151
1700000000000073022,trade,ask,30001.24,0.9099
1700000000000073149,trade,ask,30001.25,0.8572
1700000000000073259,add,bid,29999.25,0.9723
1700000000000073336,add,bid,29999.25,0.8324
1700000000000073462,cancel,bid,29999.25,0.1442
1700000000000073569,trade,ask,30001.25,0.4661
1700000000000073691,trade,ask,30001.26,1.0031
1700000000000073805,trade,ask,30001.26,0.6672
1700000000000073876,trade,ask,30001.26,0.6484
1700000000000073940,add,bid,29999.26,0.8745
1700000000000074052,trade,ask,30001.26,0.6369
1700000000000074109,trade,ask,30001.27,0.6402
1700000000000074217,trade,ask,30001.27,0.6926
1700000000000074353,add,bid,29999.27,0.8818
1700000000000074453,trade,ask,30001.27,0.0535
1700000000000074530,trade,ask,30001.27,0.1021
1700000000000074624,add,bid,29999.28,0.6723
1700000000000074681,cancel,bid,29999.28,0.1294
1700000000000074791,trade,ask,30001.28,0.5202
1700000000000074939,trade,ask,30001.28,0.7878
1700000000000075082,add,bid,29999.28,0.5334
1700000000000075180,trade,ask,30001.29,1.1047
1700000000000075278,trade,ask,30001.29,0.8351
1700000000000075412,cancel,bid,29999.29,0.2029
1700000000000075506,trade,ask,30001.29,1.1918
1700000000000075606,trade,ask,30001.29,0.887
1700000000000075684,add,bid,29999.3,0.9196
1700000000000075772,trade,ask,30001.3,0.877
1700000000000075876,trade,ask,30001.3,0.9969
1700000000000075957,trade,ask,30001.3,0.2284
1700000000000076031,cancel,bid,29999.3,0.8838
1700000000000076095,trade,ask,30001.31,0.8092
1700000000000076223,add,bid,29999.31,1.0663
1700000000000076275,trade,ask,30001.31,0.1274
1700000000000076401,trade,ask,30001.31,0.7375
1700000000000076541,cancel,bid,29999.31,0.3314
1700000000000076596,trade,ask,30001.32,0.3195
1700000000000076673,add,bid,29999.32,0.9425
1700000000000076740,trade,ask,30001.32,0.3827
1700000000000076883,trade,ask,30001.32,0.7141
1700000000000077031,add,bid,29999.32,0.4188
1700000000000077119,cancel,bid,29999.33,1.1835
1700000000000077235,trade,ask,30001.33,0.3956
1700000000000077292,trade,ask,30001.33,0.7304
1700000000000077436,cancel,bid,29999.33,0.7699
1700000000000077540,trade,ask,30001.33,0.1039
1700000000000077634,cancel,bid,29999.34,0.822
1700000000000077784,trade,ask,30001.34,0.8508
1700000000000077886,trade,ask,30001.34,0.4829
1700000000000078032,trade,ask,30001.34,0.3271
1700000000000078110,trade,ask,30001.34,0.8637
1700000000000078219,cancel,bid,29999.35,0.6967
1700000000000078322,trade,ask,30001.35,0.2042
1700000000000078403,trade,ask,30001.35,0.4298
1700000000000078463,cancel,bid,29999.35,1.0242
1700000000000078524,trade,ask,30001.35,1.0038
1700000000000078580,trade,ask,30001.36,0.8247
1700000000000078707,trade,ask,30001.36,0.1337
1700000000000078854,trade,ask,30001.36,0.8222
1700000000000078931,trade,ask,30001.36,1.0499
1700000000000079023,trade,ask,30001.36,1.0953
1700000000000079100,cancel,bid,29999.37,1.1564
1700000000000079165,add,bid,29999.37,0.9175
1700000000000079246,add,bid,29999.37,0.8593
1700000000000079346,cancel,bid,29999.37,0.6849
1700000000000079495,trade,ask,30001.37,0.5862
1700000000000079628,trade,ask,30001.38,0.3508
1700000000000079743,cancel,bid,29999.38,0.5859
1700000000000079885,trade,ask,30001.38,1.0157
1700000000000079961,trade,ask,30001.38,0.526
1700000000000080083,cancel,bid,29999.38,0.9024
1700000000000080135,trade,ask,30001.39,1.125
1700000000000080259,add,bid,29999.39,0.3895
1700000000000080334,trade,ask,30001.39,0.4868
1700000000000080415,trade,ask,30001.39,0.8028
1700000000000080552,trade,ask,30001.39,0.9279
1700000000000080664,cancel,bid,29999.4,0.7879
1700000000000080776,trade,ask,30001.4,0.8927
1700000000000080871,trade,ask,30001.4,0.8784
1700000000000080983,trade,ask,30001.4,1.0728
1700000000000081115,cancel,bid,29999.4,0.6525
1700000000000081174,cancel,bid,29999.41,0.8184
1700000000000081321,trade,ask,30001.41,0.2081
1700000000000081451,trade,ask,30001.41,0.8632
1700000000000081502,trade,ask,30001.41,0.5744
1700000000000081559,add,bid,29999.41,0.8168
1700000000000081687,cancel,bid,29999.42,0.8082
1700000000000081739,trade,ask,30001.42,0.6844
1700000000000081790,trade,ask,30001.42,0.8805
1700000000000081908,cancel,bid,29999.42,0.0697
1700000000000082047,add,bid,29999.42,0.9771
1700000000000082119,trade,ask,30001.43,0.1608
1700000000000082188,trade,ask,30001.43,0.7627
1700000000000082270,add,bid,29999.43,0.3574
1700000000000082370,trade,ask,30001.43,1.1532
1700000000000082478,trade,ask,30001.43,1.1888
1700000000000082556,trade,ask,30001.44,1.0023
1700000000000082616,add,bid,29999.44,1.037
1700000000000082763,trade,ask,30001.44,0.5161
1700000000000082861,trade,ask,30001.44,0.1145
1700000000000082912,add,bid,29999.44,0.1451
1700000000000083017,add,bid,29999.45,0.431
1700000000000083079,cancel,bid,29999.45,1.107
1700000000000083158,trade,ask,30001.45,1.0483
1700000000000083280,trade,ask,30001.45,0.1035
1700000000000083339,add,bid,29999.45,0.3724
1700000000000083458,trade,ask,30001.46,0.0878
1700000000000083548,trade,ask,30001.46,0.2882
1700000000000083616,add,bid,29999.46,0.8696
1700000000000083716,cancel,bid,29999.46,0.3942
1700000000000083838,trade,ask,30001.46,1.0098
1700000000000083937,add,bid,29999.47,0.6716
1700000000000084036,add,bid,29999.47,0.2109
1700000000000084174,add,bid,29999.47,0.6259
1700000000000084268,trade,ask,30001.47,0.5527
1700000000000084327,trade,ask,30001.47,0.9344
1700000000000084453,trade,ask,30001.48,0.9396
1700000000000084506,add,bid,29999.48,0.9511
1700000000000084613,trade,ask,30001.48,0.4592
1700000000000084711,trade,ask,30001.48,0.8316
1700000000000084845,trade,ask,30001.48,0.938
1700000000000084932,add,bid,29999.49,0.8701
1700000000000084992,trade,ask,30001.49,0.487
1700000000000085142,add,bid,29999.49,0.9006
1700000000000085232,trade,ask,30001.49,0.1552
1700000000000085321,trade,ask,30001.49,0.9255
1700000000000085384,trade,ask,30001.5,0.2655
1700000000000085491,trade,ask,30001.5,0.6393
1700000000000085554,trade,ask,30001.5,0.457
1700000000000085615,trade,ask,30001.5,0.9521
1700000000000085714,trade,ask,30001.5,0.5259
1700000000000085863,trade,ask,30001.51,1.0863
1700000000000085944,trade,ask,30001.51,0.245
1700000000000086042,trade,ask,30001.51,0.3593
1700000000000086126,trade,ask,30001.51,0.1228
1700000000000086231,trade,ask,30001.51,0.3947
1700000000000086381,trade,ask,30001.52,0.3395
1700000000000086462,add,bid,29999.52,0.6202
1700000000000086590,trade,ask,30001.52,0.173
1700000000000086678,trade,ask,30001.52,0.505
1700000000000086807,trade,ask,30001.52,1.0415
1700000000000086913,trade,ask,30001.53,0.9878
1700000000000087046,cancel,bid,29999.53,0.2065
1700000000000087137,add,bid,29999.53,0.8496
1700000000000087248,trade,ask,30001.53,1.1593
1700000000000087338,trade,ask,30001.53,0.8492
1700000000000087450,cancel,bid,29999.54,0.9493
1700000000000087541,trade,ask,30001.54,0.989
1700000000000087641,trade,ask,30001.54,1.1219
1700000000000087716,trade,ask,30001.54,0.6775
1700000000000087853,add,bid,29999.54,0.081
1700000000000087996,trade,ask,30001.55,0.8646
1700000000000088102,add,bid,29999.55,1.006
1700000000000088160,add,bid,29999.55,0.965
1700000000000088262,add,bid,29999.55,0.2101
1700000000000088350,trade,ask,30001.55,0.8075
1700000000000088491,trade,ask,30001.56,0.4835
1700000000000088598,cancel,bid,29999.56,0.6011
1700000000000088699,trade,ask,30001.56,1.112
1700000000000088837,trade,ask,30001.56,0.0923
1700000000000088933,add,bid,29999.56,0.9841
1700000000000089059,add,bid,29999.57,0.1477
1700000000000089207,trade,ask,30001.57,0.8144
1700000000000089278,add,bid,29999.57,0.1009
1700000000000089410,add,bid,29999.57,0.5096
1700000000000089556,trade,ask,30001.57,0.9657
1700000000000089619,trade,ask,30001.58,0.3475
1700000000000089734,add,bid,29999.58,0.6917
1700000000000089872,trade,ask,30001.58,0.5626
1700000000000089972,trade,ask,30001.58,0.8315
1700000000000090110,trade,ask,30001.58,0.4467
1700000000000090163,trade,ask,30001.59,0.3897
1700000000000090223,trade,ask,30001.59,1.1318
1700000000000090291,trade,ask,30001.59,0.4445
1700000000000090441,trade,ask,30001.59,0.6054
1700000000000090551,trade,ask,30001.59,0.8803
1700000000000090658,trade,ask,30001.6,0.3953
1700000000000090798,trade,ask,30001.6,1.0266
1700000000000090930,trade,bid,29999.6,0.9701
1700000000000091074,trade,bid,29999.59,0.2506
1700000000000091144,trade,bid,29999.59,0.5403
1700000000000091253,trade,bid,29999.59,0.5158
1700000000000091326,trade,bid,29999.59,0.8059
1700000000000091426,trade,bid,29999.59,0.7562
1700000000000091501,trade,bid,29999.58,0.544
1700000000000091551,add,ask,30001.58,0.2867
1700000000000091697,add,ask,30001.58,0.9654
1700000000000091820,trade,bid,29999.58,1.0528
1700000000000091893,trade,bid,29999.58,0.2766
1700000000000091957,trade,bid,29999.57,1.042
1700000000000092074,cancel,ask,30001.57,0.4104
1700000000000092173,add,ask,30001.57,0.7251
1700000000000092267,trade,bid,29999.57,0.5765
1700000000000092339,add,ask,30001.57,0.8619
1700000000000092427,cancel,ask,30001.56,0.7287
1700000000000092563,trade,bid,29999.56,0.1855
1700000000000092652,trade,bid,29999.56,0.4793
1700000000000092720,trade,bid,29999.56,0.531
1700000000000092787,trade,bid,29999.56,0.5365
1700000000000092899,add,ask,30001.55,0.8474
1700000000000093031,cancel,ask,30001.55,0.2492
1700000000000093102,trade,bid,29999.55,0.2113
1700000000000093192,add,ask,30001.55,0.7623
1700000000000093287,cancel,ask,30001.55,0.6073
1700000000000093361,add,ask,30001.54,1.1584
1700000000000093475,add,ask,30001.54,0.5205
1700000000000093587,trade,bid,29999.54,1.0159
1700000000000093699,trade,bid,29999.54,0.7002
1700000000000093846,trade,bid,29999.54,0.0876
1700000000000093924,trade,bid,29999.53,0.2434
1700000000000094032,trade,bid,29999.53,0.9384
1700000000000094145,trade,bid,29999.53,0.1802
1700000000000094209,trade,bid,29999.53,0.6746
1700000000000094305,trade,bid,29999.53,0.9203
1700000000000094452,add,ask,30001.52,0.6783
1700000000000094556,trade,bid,29999.52,1.0046
1700000000000094702,trade,bid,29999.52,1.056
1700000000000094756,trade,bid,29999.52,0.4509
1700000000000094817,trade,bid,29999.52,1.1931
1700000000000094966,add,ask,30001.51,0.2914
1700000000000095110,trade,bid,29999.51,0.4532
1700000000000095250,add,ask,30001.51,0.5424
1700000000000095378,trade,bid,29999.51,0.2876
1700000000000095454,add,ask,30001.51,0.7056
1700000000000095572,trade,bid,29999.5,0.6696
1700000000000095663,cancel,ask,30001.5,0.3865
1700000000000095786,trade,bid,29999.5,1.0367
1700000000000095922,add,ask,30001.5,0.2059
1700000000000096068,add,ask,30001.5,1.1066
1700000000000096153,cancel,ask,30001.49,0.1959
1700000000000096219,trade,bid,29999.49,0.8681
1700000000000096300,add,ask,30001.49,0.8277
1700000000000096412,trade,bid,29999.49,0.7773
1700000000000096542,trade,bid,29999.49,0.5698
1700000000000096673,add,ask,30001.48,0.9342
1700000000000096774,trade,bid,29999.48,0.37
1700000000000096871,trade,bid,29999.48,0.6113
1700000000000096995,trade,bid,29999.48,0.9403
1700000000000097138,trade,bid,29999.48,1.168
1700000000000097269,add,ask,30001.47,0.462
1700000000000097327,add,ask,30001.47,0.5074
1700000000000097431,add,ask,30001.47,0.6189
1700000000000097522,add,ask,30001.47,0.4384
1700000000000097645,trade,bid,29999.47,1.0303
1700000000000097795,trade,bid,29999.46,0.8349
1700000000000097851,trade,bid,29999.46,0.7701
1700000000000097959,trade,bid,29999.46,1.1188
1700000000000098029,trade,bid,29999.46,0.0508
1700000000000098133,trade,bid,29999.46,0.8419
1700000000000098199,cancel,ask,30001.45,0.3971
1700000000000098284,trade,bid,29999.45,0.4645
1700000000000098344,trade,bid,29999.45,1.0894
1700000000000098415,trade,bid,29999.45,0.7694
1700000000000098557,add,ask,30001.45,0.3193
1700000000000098690,trade,bid,29999.44,0.1595
1700000000000098767,trade,bid,29999.44,0.2026
1700000000000098845,trade,bid,29999.44,0.5618
1700000000000098896,add,ask,30001.44,0.9897
1700000000000099000,add,ask,30001.44,0.5994
1700000000000099079,trade,bid,29999.43,0.8904
1700000000000099142,trade,bid,29999.43,0.4727
1700000000000099230,trade,bid,29999.43,0.9395
1700000000000099376,cancel,ask,30001.43,0.7878
1700000000000099512,trade,bid,29999.43,0.6601
1700000000000099563,add,ask,30001.42,0.2387
1700000000000099657,add,ask,30001.42,0.7723
1700000000000099726,cancel,ask,30001.42,0.7585
1700000000000099832,cancel,ask,30001.42,0.1497
1700000000000099894,trade,bid,29999.42,0.1916
1700000000000100037,trade,bid,29999.41,1.1577
1700000000000100127,add,ask,30001.41,0.335
1700000000000100259,trade,bid,29999.41,0.6864
1700000000000100385,add,ask,30001.41,0.3777
1700000000000100523,trade,bid,29999.41,1.0241
1700000000000100611,trade,bid,29999.4,0.748
1700000000000100685,add,ask,30001.4,0.3899
1700000000000100741,add,ask,30001.4,0.9628
1700000000000100821,trade,bid,29999.4,0.1797
1700000000000100934,add,ask,30001.4,0.1317
1700000000000100985,cancel,ask,30001.39,1.124
1700000000000101051,trade,bid,29999.39,1.0148
1700000000000101154,trade,bid,29999.39,0.8354
1700000000000101301,trade,bid,29999.39,1.1855
1700000000000101360,trade,bid,29999.39,0.1277
1700000000000101443,trade,bid,29999.38,1.111
1700000000000101543,trade,bid,29999.38,0.7729
1700000000000101657,add,ask,30001.38,0.5371
1700000000000101758,trade,bid,29999.38,0.667
1700000000000101886,trade,bid,29999.38,0.1461
1700000000000101946,trade,bid,29999.37,0.2837
1700000000000102015,trade,bid,29999.37,0.4993
1700000000000102146,add,ask,30001.37,0.7973
1700000000000102278,trade,bid,29999.37,0.8535
1700000000000102421,cancel,ask,30001.37,0.3244
1700000000000102502,trade,bid,29999.36,0.5497
1700000000000102610,add,ask,30001.36,0.1133
1700000000000102745,add,ask,30001.36,0.9018
1700000000000102810,trade,bid,29999.36,0.2078
1700000000000102861,trade,bid,29999.36,1.146
1700000000000102977,trade,bid,29999.35,0.9959
1700000000000103060,trade,bid,29999.35,0.196
1700000000000103209,cancel,ask,30001.35,0.8929
1700000000000103274,add,ask,30001.35,0.0838
1700000000000103378,trade,bid,29999.35,0.1235
1700000000000103519,cancel,ask,30001.34,0.7717
1700000000000103632,trade,bid,29999.34,0.4641
1700000000000103745,cancel,ask,30001.34,0.2419
1700000000000103815,trade,bid,29999.34,0.1683
1700000000000103938,add,ask,30001.34,0.1826
1700000000000104082,trade,bid,29999.33,0.1006
1700000000000104133,trade,bid,29999.33,0.5925
1700000000000104232,cancel,ask,30001.33,0.2558
1700000000000104286,trade,bid,29999.33,1.101
1700000000000104430,add,ask,30001.33,0.3082
1700000000000104511,trade,bid,29999.32,0.8783
1700000000000104595,add,ask,30001.32,0.7073
1700000000000104660,trade,bid,29999.32,1.0872
1700000000000104732,trade,bid,29999.32,0.6431
1700000000000104787,cancel,ask,30001.32,0.1293
1700000000000104896,cancel,ask,30001.31,0.9396
1700000000000104985,trade,bid,29999.31,0.6861
1700000000000105036,trade,bid,29999.31,0.3853
1700000000000105186,trade,bid,29999.31,0.7661
1700000000000105295,trade,bid,29999.31,1.1676
1700000000000105443,add,ask,30001.3,0.8923
1700000000000105562,add,ask,30001.3,0.3319
1700000000000105612,cancel,ask,30001.3,0.0775
1700000000000105731,trade,bid,29999.3,1.0155
1700000000000105782,cancel,ask,30001.3,0.0517
1700000000000105916,trade,bid,29999.29,0.8988
1700000000000106005,trade,bid,29999.29,0.6593
1700000000000106085,trade,bid,29999.29,1.1554
1700000000000106153,add,ask,30001.29,0.157
1700000000000106232,cancel,ask,30001.29,0.6477
1700000000000106371,cancel,ask,30001.28,0.5772
1700000000000106516,trade,bid,29999.28,0.1599
1700000000000106583,add,ask,30001.28,0.5035
1700000000000106708,trade,bid,29999.28,0.5502
1700000000000106774,trade,bid,29999.28,0.3501
1700000000000106864,cancel,ask,30001.27,0.5019
1700000000000107008,trade,bid,29999.27,0.5707
1700000000000107087,trade,bid,29999.27,0.2831
1700000000000107236,add,ask,30001.27,0.1753
1700000000000107299,trade,bid,29999.27,0.586
1700000000000107401,trade,bid,29999.26,0.462
1700000000000107549,trade,bid,29999.26,0.4046
1700000000000107632,cancel,ask,30001.26,0.154
1700000000000107769,trade,bid,29999.26,0.8604
1700000000000107896,trade,bid,29999.26,1.0113
1700000000000107987,trade,bid,29999.25,0.8678
1700000000000108082,trade,bid,29999.25,0.1063
1700000000000108170,trade,bid,29999.25,1.1893
1700000000000108223,cancel,ask,30001.25,1.0328
1700000000000108344,add,ask,30001.25,0.3373
1700000000000108453,trade,bid,29999.24,0.9629
1700000000000108518,trade,bid,29999.24,1.0049
1700000000000108596,trade,bid,29999.24,0.9972
1700000000000108693,add,ask,30001.24,1.1282
1700000000000108753,trade,bid,29999.24,0.3476
1700000000000108812,trade,bid,29999.23,0.1241
1700000000000108944,trade,bid,29999.23,0.1981
1700000000000109036,trade,bid,29999.23,1.1336
1700000000000109092,trade,bid,29999.23,0.71
1700000000000109234,trade,bid,29999.23,0.0839
1700000000000109371,trade,bid,29999.22,0.457
1700000000000109444,trade,bid,29999.22,0.5629
1700000000000109513,trade,bid,29999.22,0.7621
1700000000000109594,add,ask,30001.22,0.6237
1700000000000109714,trade,bid,29999.22,0.1509
1700000000000109813,trade,bid,29999.21,0.2794
1700000000000109930,trade,bid,29999.21,1.1932
1700000000000110049,add,ask,30001.21,1.1878
1700000000000110199,add,ask,30001.21,0.6016
1700000000000110349,trade,bid,29999.21,1.0996
1700000000000110463,trade,bid,29999.2,0.361
1700000000000110516,trade,bid,29999.2,0.3019
1700000000000110665,trade,bid,29999.2,0.98
1700000000000110775,trade,bid,29999.2,0.9319
1700000000000110854,cancel,ask,30001.2,0.1652
1700000000000110988,trade,bid,29999.19,0.6637
1700000000000111132,trade,bid,29999.19,1.1959
1700000000000111210,trade,bid,29999.19,1.1801
1700000000000111309,trade,bid,29999.19,1.0151
1700000000000111381,trade,bid,29999.19,0.7314
1700000000000111525,add,ask,30001.18,1.1011
1700000000000111578,add,ask,30001.18,0.4544
1700000000000111700,trade,bid,29999.18,0.6976
1700000000000111774,add,ask,30001.18,0.982
1700000000000111887,trade,bid,29999.18,0.2519
1700000000000111941,trade,bid,29999.17,0.3175
1700000000000112019,trade,bid,29999.17,0.5997
1700000000000112111,cancel,ask,30001.17,0.2817
1700000000000112177,trade,bid,29999.17,0.2541
1700000000000112268,trade,bid,29999.17,0.2199
1700000000000112408,cancel,ask,30001.16,0.9405
1700000000000112525,cancel,ask,30001.16,1.1546
1700000000000112622,add,ask,30001.16,0.8115
1700000000000112747,trade,bid,29999.16,0.397
1700000000000112814,cancel,ask,30001.16,0.8922
1700000000000112919,add,ask,30001.15,1.1548
1700000000000113052,trade,bid,29999.15,0.8633
1700000000000113173,add,ask,30001.15,1.1182
1700000000000113323,trade,bid,29999.15,0.8154
1700000000000113395,trade,bid,29999.15,0.8941
1700000000000113482,trade,bid,29999.14,0.8882
1700000000000113621,cancel,ask,30001.14,0.5003
1700000000000113769,cancel,ask,30001.14,0.0872
1700000000000113896,trade,bid,29999.14,0.9801
1700000000000114024,trade,bid,29999.14,0.7004
1700000000000114137,trade,bid,29999.13,0.9071
1700000000000114217,trade,bid,29999.13,0.4174
1700000000000114348,cancel,ask,30001.13,0.152
1700000000000114488,add,ask,30001.13,0.8887
1700000000000114580,trade,bid,29999.13,0.355
1700000000000114661,add,ask,30001.12,0.4531
1700000000000114811,trade,bid,29999.12,0.0515
1700000000000114910,trade,bid,29999.12,0.5326
1700000000000114981,cancel,ask,30001.12,0.617
1700000000000115079,trade,bid,29999.12,0.4816
1700000000000115190,add,ask,30001.11,0.7148
1700000000000115337,add,ask,30001.11,0.2371
1700000000000115396,add,ask,30001.11,0.0884
1700000000000115448,trade,bid,29999.11,1.1444
1700000000000115507,trade,bid,29999.11,1.0711
1700000000000115577,add,ask,30001.1,0.6791
1700000000000115638,trade,bid,29999.1,1.1831
1700000000000115749,add,ask,30001.1,0.546
1700000000000115882,trade,bid,29999.1,1.0732
1700000000000115952,trade,bid,29999.1,0.4308
1700000000000116026,trade,bid,29999.09,0.6872
1700000000000116169,trade,bid,29999.09,0.8097
1700000000000116257,trade,bid,29999.09,0.1071
1700000000000116380,trade,bid,29999.09,0.6146
1700000000000116436,trade,bid,29999.09,0.5417
1700000000000116523,add,ask,30001.08,0.7689
1700000000000116634,trade,bid,29999.08,0.0796
1700000000000116705,add,ask,30001.08,1.1736
1700000000000116815,add,ask,30001.08,0.4046
1700000000000116915,trade,bid,29999.08,1.0791
1700000000000116998,trade,bid,29999.07,0.6757
1700000000000117071,trade,bid,29999.07,0.4887
1700000000000117144,trade,bid,29999.07,0.3528
1700000000000117253,trade,bid,29999.07,1.0126
1700000000000117375,trade,bid,29999.07,0.9151
1700000000000117510,trade,bid,29999.06,0.8184
1700000000000117629,trade,bid,29999.06,0.9199
1700000000000117708,trade,bid,29999.06,1.0169
1700000000000117824,trade,bid,29999.06,0.6658
1700000000000117934,trade,bid,29999.06,0.321
1700000000000118022,trade,bid,29999.05,1.0882
1700000000000118163,trade,bid,29999.05,0.7069
1700000000000118279,add,ask,30001.05,0.8292
1700000000000118408,trade,bid,29999.05,1.1416
1700000000000118515,trade,bid,29999.05,1.182
1700000000000118592,add,ask,30001.04,0.1951
1700000000000118696,trade,bid,29999.04,0.8356
1700000000000118771,cancel,ask,30001.04,0.7713
1700000000000118897,trade,bid,29999.04,1.0974
1700000000000118955,trade,bid,29999.04,0.6898
1700000000000119075,trade,bid,29999.03,0.3676
1700000000000119183,cancel,ask,30001.03,0.0642
1700000000000119322,add,ask,30001.03,0.6509
1700000000000119425,trade,bid,29999.03,0.2221
1700000000000119547,trade,bid,29999.03,0.9221
1700000000000119609,cancel,ask,30001.02,0.6971
1700000000000119671,add,ask,30001.02,1.0476
1700000000000119765,cancel,ask,30001.02,0.3538
1700000000000119898,trade,bid,29999.02,0.7503
1700000000000119952,trade,bid,29999.02,0.5134
1700000000000120081,add,ask,30001.01,0.8477
1700000000000120135,trade,bid,29999.01,1.0608
1700000000000120273,trade,bid,29999.01,0.9076
1700000000000120357,cancel,ask,30001.01,0.0733
1700000000000120445,trade,bid,29999.01,1.0193
1700000000000120584,add,ask,30001.0,1.1684
1700000000000120663,trade,bid,29999.0,1.1704
1700000000000120769,add,ask,30001.0,0.419
1700000000000120912,trade,bid,29999.0,0.7924
1700000000000120986,trade,ask,30001.0,1.1004
1700000000000121088,add,bid,29999.0,0.9234
1700000000000121185,add,bid,29999.0,0.6426
1700000000000121255,trade,ask,30001.01,0.866
1700000000000121356,trade,ask,30001.01,1.029
1700000000000121478,trade,ask,30001.01,0.2717
1700000000000121553,add,bid,29999.01,0.3369
1700000000000121661,trade,ask,30001.01,0.4644
1700000000000121736,trade,ask,30001.02,0.997
1700000000000121850,trade,ask,30001.02,1.1115
1700000000000121987,trade,ask,30001.02,0.4783
1700000000000122113,trade,ask,30001.02,1.1546
1700000000000122223,trade,ask,30001.02,0.4522
1700000000000122293,add,bid,29999.03,0.3475
1700000000000122431,trade,ask,30001.03,0.0816
1700000000000122487,trade,ask,30001.03,0.7081
1700000000000122564,cancel,bid,29999.03,0.7945
1700000000000122700,trade,ask,30001.03,0.7993
1700000000000122815,trade,ask,30001.04,0.9473
1700000000000122963,add,bid,29999.04,0.5952
1700000000000123029,add,bid,29999.04,0.7413
1700000000000123080,trade,ask,30001.04,0.7496
1700000000000123169,add,bid,29999.04,0.8658
1700000000000123254,trade,ask,30001.05,0.4829
1700000000000123348,trade,ask,30001.05,0.3009
1700000000000123436,add,bid,29999.05,0.998
1700000000000123536,trade,ask,30001.05,0.0584
1700000000000123670,cancel,bid,29999.05,1.0153
1700000000000123791,add,bid,29999.06,0.7504
1700000000000123879,add,bid,29999.06,0.604
1700000000000123972,cancel,bid,29999.06,0.7867
1700000000000124057,trade,ask,30001.06,0.8678
1700000000000124190,trade,ask,30001.06,0.2224
1700000000000124337,trade,ask,30001.07,0.1153
1700000000000124463,trade,ask,30001.07,0.4175
1700000000000124530,add,bid,29999.07,0.8037
1700000000000124617,trade,ask,30001.07,0.5314
1700000000000124716,add,bid,29999.07,0.7205
1700000000000124839,add,bid,29999.08,0.4446
1700000000000124980,trade,ask,30001.08,0.6648
1700000000000125130,trade,ask,30001.08,1.1318
1700000000000125225,trade,ask,30001.08,1.0222
1700000000000125359,cancel,bid,29999.08,0.2583
1700000000000125421,trade,ask,30001.09,0.9021
1700000000000125563,add,bid,29999.09,0.9274
1700000000000125636,cancel,bid,29999.09,1.0845
1700000000000125769,trade,ask,30001.09,0.4586
1700000000000125914,cancel,bid,29999.09,0.5335
1700000000000126006,trade,ask,30001.1,0.7234
1700000000000126115,cancel,bid,29999.1,0.5911
1700000000000126246,trade,ask,30001.1,1.1359
1700000000000126305,trade,ask,30001.1,0.2737
1700000000000126370,cancel,bid,29999.1,0.4889
1700000000000126458,trade,ask,30001.11,1.0515
1700000000000126527,trade,ask,30001.11,0.2803
1700000000000126629,cancel,bid,29999.11,1.0768
1700000000000126737,trade,ask,30001.11,1.0418
1700000000000126810,add,bid,29999.11,0.6107
1700000000000126940,cancel,bid,29999.12,0.4104
1700000000000126997,trade,ask,30001.12,0.3646
1700000000000127144,add,bid,29999.12,0.7127
1700000000000127214,trade,ask,30001.12,0.9281
1700000000000127275,trade,ask,30001.12,0.5488
1700000000000127379,trade,ask,30001.13,1.1601
1700000000000127478,trade,ask,30001.13,0.6638
1700000000000127621,trade,ask,30001.13,0.0662
1700000000000127712,add,bid,29999.13,0.6607
1700000000000127764,add,bid,29999.13,0.7707
1700000000000127845,trade,ask,30001.14,1.0585
1700000000000127934,trade,ask,30001.14,0.4911
1700000000000128059,trade,ask,30001.14,0.1251
1700000000000128114,trade,ask,30001.14,0.3845
1700000000000128257,trade,ask,30001.14,0.6527
1700000000000128362,cancel,bid,29999.15,1.1948
1700000000000128455,cancel,bid,29999.15,0.6137
1700000000000128601,trade,ask,30001.15,1.1403
1700000000000128702,trade,ask,30001.15,0.308
1700000000000128768,trade,ask,30001.15,0.0752
1700000000000128882,trade,ask,30001.16,0.4716
1700000000000129015,add,bid,29999.16,0.4815
1700000000000129146,trade,ask,30001.16,0.6649
1700000000000129202,trade,ask,30001.16,0.1052
1700000000000129265,add,bid,29999.16,0.0727
1700000000000129403,trade,ask,30001.17,0.561
1700000000000129468,trade,ask,30001.17,0.5956
1700000000000129537,trade,ask,30001.17,0.8386
1700000000000129588,trade,ask,30001.17,0.8109
1700000000000129722,trade,ask,30001.17,0.7662
1700000000000129861,trade,ask,30001.18,1.0053
1700000000000129924,trade,ask,30001.18,0.7604
1700000000000130010,trade,ask,30001.18,0.1722
1700000000000130085,add,bid,29999.18,0.9447
1700000000000130201,cancel,bid,29999.18,0.4616
1700000000000130303,trade,ask,30001.19,0.0953
1700000000000130416,cancel,bid,29999.19,0.8414
1700000000000130527,trade,ask,30001.19,0.0531
1700000000000130662,trade,ask,30001.19,0.177
1700000000000130785,add,bid,29999.19,0.2215
1700000000000130846,add,bid,29999.2,0.1363
1700000000000130988,trade,ask,30001.2,0.3443
1700000000000131067,trade,ask,30001.2,1.1739
1700000000000131150,trade,ask,30001.2,0.1648
1700000000000131222,cancel,bid,29999.2,1.0301
1700000000000131318,add,bid,29999.21,0.4096
1700000000000131462,trade,ask,30001.21,1.0289
1700000000000131517,trade,ask,30001.21,0.2092
1700000000000131649,trade,ask,30001.21,0.4612
1700000000000131755,cancel,bid,29999.21,0.3586
1700000000000131898,trade,ask,30001.22,0.9872
1700000000000131971,trade,ask,30001.22,0.5103
1700000000000132079,trade,ask,30001.22,0.4936
1700000000000132190,add,bid,29999.22,0.7962
1700000000000132261,trade,ask,30001.22,0.8506
1700000000000132318,cancel,bid,29999.23,1.021
1700000000000132381,trade,ask,30001.23,0.7294
1700000000000132503,add,bid,29999.23,0.2584
1700000000000132601,add,bid,29999.23,0.7531
1700000000000132738,cancel,bid,29999.23,0.8864
1700000000000132804,trade,ask,30001.24,0.6113
1700000000000132906,trade,ask,30001.24,0.1228
1700000000000133039,trade,ask,30001.24,0.8603
1700000000000133175,trade,ask,30001.24,0.9052
1700000000000133317,trade,ask,30001.24,1.1746
1700000000000133452,cancel,bid,29999.25,0.647
1700000000000133590,add,bid,29999.25,0.1595
1700000000000133724,add,bid,29999.25,0.6042
1700000000000133858,add,bid,29999.25,0.4926
1700000000000133979,cancel,bid,29999.25,0.7549
1700000000000134030,add,bid,29999.26,0.2305
1700000000000134140,cancel,bid,29999.26,1.0498
1700000000000134199,add,bid,29999.26,0.4187
1700000000000134291,cancel,bid,29999.26,0.1079
1700000000000134369,trade,ask,30001.26,0.4854
1700000000000134449,trade,ask,30001.27,0.5608
1700000000000134572,trade,ask,30001.27,1.0351
1700000000000134679,trade,ask,30001.27,1.1778
1700000000000134824,add,bid,29999.27,0.168
1700000000000134926,trade,ask,30001.27,0.6815
1700000000000134987,add,bid,29999.28,1.1576
1700000000000135118,trade,ask,30001.28,0.6346
1700000000000135194,add,bid,29999.28,0.5746
1700000000000135287,trade,ask,30001.28,0.1124
1700000000000135365,add,bid,29999.28,0.4318
1700000000000135513,add,bid,29999.29,0.5941
1700000000000135647,trade,ask,30001.29,0.5704
1700000000000135709,add,bid,29999.29,0.305
1700000000000135802,trade,ask,30001.29,0.7787
1700000000000135889,trade,ask,30001.29,0.48
1700000000000135952,trade,ask,30001.3,0.2388
1700000000000136019,add,bid,29999.3,0.9039
1700000000000136121,trade,ask,30001.3,0.7525
1700000000000136195,trade,ask,30001.3,1.03
1700000000000136272,trade,ask,30001.3,0.9486
1700000000000136413,trade,ask,30001.31,0.9207
1700000000000136468,cancel,bid,29999.31,1.0131
1700000000000136593,trade,ask,30001.31,1.0755
1700000000000136701,add,bid,29999.31,1.1496
1700000000000136768,cancel,bid,29999.31,0.055
1700000000000136912,trade,ask,30001.32,1.1256
1700000000000137036,trade,ask,30001.32,0.6346
1700000000000137108,add,bid,29999.32,0.2497
1700000000000137174,trade,ask,30001.32,0.8062
1700000000000137301,cancel,bid,29999.32,0.6297
1700000000000137400,trade,ask,30001.33,0.7503
1700000000000137538,add,bid,29999.33,0.3646
1700000000000137631,cancel,bid,29999.33,0.5708
1700000000000137698,trade,ask,30001.33,0.7429
1700000000000137843,trade,ask,30001.33,1.0195
1700000000000137963,cancel,bid,29999.34,0.8687
1700000000000138083,add,bid,29999.34,0.281
1700000000000138212,add,bid,29999.34,0.8396
1700000000000138348,trade,ask,30001.34,0.867
1700000000000138420,trade,ask,30001.34,0.8485
1700000000000138511,add,bid,29999.35,0.9249
1700000000000138632,trade,ask,30001.35,0.7062
1700000000000138767,add,bid,29999.35,0.8254
1700000000000138885,trade,ask,30001.35,1.0244
1700000000000138936,trade,ask,30001.35,0.0791
1700000000000139004,trade,ask,30001.36,0.1151
1700000000000139088,add,bid,29999.36,0.2351
1700000000000139174,add,bid,29999.36,0.2184
1700000000000139231,add,bid,29999.36,0.3894
1700000000000139377,trade,ask,30001.36,0.4625
1700000000000139484,trade,ask,30001.37,1.0482
1700000000000139628,trade,ask,30001.37,0.308
1700000000000139760,trade,ask,30001.37,0.3232
1700000000000139910,add,bid,29999.37,0.8505
1700000000000140048,add,bid,29999.37,1.1155
1700000000000140147,trade,ask,30001.38,0.9563
1700000000000140284,trade,ask,30001.38,0.6849
1700000000000140335,add,bid,29999.38,0.2836
1700000000000140484,cancel,bid,29999.38,0.5595
1700000000000140562,cancel,bid,29999.38,0.8603
1700000000000140694,trade,ask,30001.39,0.7266
1700000000000140838,add,bid,29999.39,0.9426
1700000000000140912,trade,ask,30001.39,0.254
1700000000000141049,trade,ask,30001.39,1.1568
1700000000000141193,trade,ask,30001.39,0.4838
1700000000000141297,trade,ask,30001.4,0.3539
1700000000000141367,trade,ask,30001.4,0.3433
1700000000000141459,trade,ask,30001.4,1.1281
1700000000000141514,trade,ask,30001.4,0.421
1700000000000141570,add,bid,29999.4,0.7692
1700000000000141704,trade,ask,30001.41,0.9584
1700000000000141824,trade,ask,30001.41,0.9516
1700000000000141914,trade,ask,30001.41,1.1505
1700000000000142030,trade,ask,30001.41,0.6309
1700000000000142133,trade,ask,30001.41,0.5139
1700000000000142227,trade,ask,30001.42,0.2954
1700000000000142319,trade,ask,30001.42,0.3876
1700000000000142465,add,bid,29999.42,0.5961
1700000000000142586,add,bid,29999.42,1.1783
1700000000000142637,trade,ask,30001.42,0.4479
1700000000000142717,cancel,bid,29999.43,0.7558
1700000000000142846,trade,ask,30001.43,0.0959
1700000000000142937,trade,ask,30001.43,0.9656
1700000000000143001,trade,ask,30001.43,0.6713
1700000000000143087,trade,ask,30001.43,0.6444
1700000000000143235,trade,ask,30001.44,0.9732
1700000000000143342,trade,ask,30001.44,0.3909
1700000000000143475,trade,ask,30001.44,0.641
1700000000000143537,trade,ask,30001.44,1.1497
1700000000000143655,trade,ask,30001.44,0.771
1700000000000143731,add,bid,29999.45,0.9396
1700000000000143868,trade,ask,30001.45,0.1695
1700000000000143986,add,bid,29999.45,1.0604
1700000000000144130,add,bid,29999.45,0.7935
1700000000000144189,add,bid,29999.45,0.2268
1700000000000144297,add,bid,29999.46,0.0936
1700000000000144356,trade,ask,30001.46,0.9633
1700000000000144477,trade,ask,30001.46,0.9949
1700000000000144560,trade,ask,30001.46,0.5688
1700000000000144661,trade,ask,30001.46,0.0694
1700000000000144797,trade,ask,30001.47,0.0568
1700000000000144939,add,bid,29999.47,0.9194
1700000000000145063,trade,ask,30001.47,1.0255
1700000000000145158,cancel,bid,29999.47,0.1721
1700000000000145308,add,bid,29999.47,0.7476
1700000000000145394,add,bid,29999.48,0.5533
1700000000000145494,add,bid,29999.48,0.0854
1700000000000145564,trade,ask,30001.48,0.2068
1700000000000145664,add,bid,29999.48,1.0269
1700000000000145751,cancel,bid,29999.48,0.2157
1700000000000145887,cancel,bid,29999.49,1.1602
1700000000000146030,add,bid,29999.49,1.151
1700000000000146081,trade,ask,30001.49,0.6883
1700000000000146146,trade,ask,30001.49,0.7086
1700000000000146246,trade,ask,30001.49,1.139
1700000000000146335,trade,ask,30001.5,0.9026
1700000000000146477,trade,ask,30001.5,0.5246
1700000000000146609,cancel,bid,29999.5,0.2138
1700000000000146682,trade,ask,30001.5,1.01
1700000000000146756,trade,ask,30001.5,0.8216
1700000000000146878,cancel,bid,29999.51,1.0291
1700000000000146998,trade,ask,30001.51,0.6821
1700000000000147085,add,bid,29999.51,0.3383
1700000000000147160,add,bid,29999.51,0.6103
1700000000000147252,trade,ask,30001.51,0.822
1700000000000147332,trade,ask,30001.52,0.7624
1700000000000147406,trade,ask,30001.52,0.5682
1700000000000147534,add,bid,29999.52,0.8475
1700000000000147603,trade,ask,30001.52,0.4692
1700000000000147693,cancel,bid,29999.52,0.2439
1700000000000147783,trade,ask,30001.53,0.3048
1700000000000147927,add,bid,29999.53,0.3682
1700000000000148023,trade,ask,30001.53,0.8929
1700000000000148134,trade,ask,30001.53,0.4626
1700000000000148223,trade,ask,30001.53,0.1752
1700000000000148355,add,bid,29999.54,1.0181
1700000000000148422,cancel,bid,29999.54,0.2759
1700000000000148565,cancel,bid,29999.54,0.1379
1700000000000148624,cancel,bid,29999.54,1.027
1700000000000148754,trade,ask,30001.54,0.7192
1700000000000148855,add,bid,29999.55,0.2947
1700000000000148909,trade,ask,30001.55,0.675
1700000000000149028,trade,ask,30001.55,0.9415
1700000000000149124,trade,ask,30001.55,1.0752
1700000000000149249,add,bid,29999.55,0.3846
1700000000000149358,trade,ask,30001.56,0.1541
1700000000000149454,trade,ask,30001.56,0.8121
1700000000000149582,add,bid,29999.56,0.9208
1700000000000149649,trade,ask,30001.56,0.256
1700000000000149771,add,bid,29999.56,1.1629
1700000000000149915,add,bid,29999.57,1.1301
1700000000000149970,trade,ask,30001.57,0.6108
1700000000000150028,trade,ask,30001.57,0.3191
1700000000000150163,trade,ask,30001.57,1.0939
1700000000000150259,trade,ask,30001.57,1.1056
1700000000000150314,trade,ask,30001.58,0.7958
1700000000000150377,add,bid,29999.58,0.6496
1700000000000150462,add,bid,29999.58,0.3528
1700000000000150581,trade,ask,30001.58,0.4832
1700000000000150679,trade,ask,30001.58,0.8013
1700000000000150738,trade,ask,30001.59,0.4828
1700000000000150816,trade,ask,30001.59,0.4558
1700000000000150910,trade,ask,30001.59,0.6044
1700000000000151037,trade,ask,30001.59,1.0643
1700000000000151143,trade,ask,30001.59,0.1387
1700000000000151275,trade,ask,30001.6,0.2228
1700000000000151345,trade,ask,30001.6,0.8749
1700000000000151410,add,ask,30001.6,0.5268
1700000000000151502,add,ask,30001.59,0.6037
1700000000000151613,trade,bid,29999.59,0.7294
1700000000000151745,add,ask,30001.59,0.0758
1700000000000151800,trade,bid,29999.59,0.7312
1700000000000151867,add,ask,30001.59,0.0951
1700000000000151990,trade,bid,29999.58,0.2413
1700000000000152063,trade,bid,29999.58,0.5163
1700000000000152185,add,ask,30001.58,1.0603
1700000000000152328,add,ask,30001.58,0.376
1700000000000152388,trade,bid,29999.58,0.7475
1700000000000152498,cancel,ask,30001.57,0.2462
1700000000000152600,add,ask,30001.57,0.9638
1700000000000152748,trade,bid,29999.57,0.8086
1700000000000152831,trade,bid,29999.57,0.8384
1700000000000152939,trade,bid,29999.57,0.1292
1700000000000153037,trade,bid,29999.56,0.1749
1700000000000153112,trade,bid,29999.56,1.0957
1700000000000153249,trade,bid,29999.56,0.222
1700000000000153311,trade,bid,29999.56,1.0868
1700000000000153437,trade,bid,29999.56,0.9514
1700000000000153551,add,ask,30001.55,0.1572
1700000000000153685,trade,bid,29999.55,0.744
1700000000000153735,cancel,ask,30001.55,0.9411
1700000000000153868,trade,bid,29999.55,0.5338
1700000000000153923,add,ask,30001.55,0.5433
1700000000000154034,add,ask,30001.54,0.4884
1700000000000154159,add,ask,30001.54,1.094
1700000000000154298,trade,bid,29999.54,0.5393
1700000000000154380,trade,bid,29999.54,0.3174
1700000000000154440,trade,bid,29999.54,1.0583
1700000000000154542,trade,bid,29999.53,0.0563
1700000000000154687,add,ask,30001.53,0.7147
1700000000000154752,trade,bid,29999.53,0.4813
1700000000000154828,add,ask,30001.53,0.4133
1700000000000154924,trade,bid,29999.53,0.54
1700000000000155048,trade,bid,29999.52,1.0332
1700000000000155152,trade,bid,29999.52,0.7537
1700000000000155289,trade,bid,29999.52,0.2842
1700000000000155409,add,ask,30001.52,0.6048
1700000000000155506,trade,bid,29999.52,0.6063
1700000000000155595,trade,bid,29999.51,0.9403
1700000000000155695,add,ask,30001.51,1.0332
1700000000000155829,trade,bid,29999.51,0.3142
1700000000000155979,add,ask,30001.51,0.2361
1700000000000156056,trade,bid,29999.51,0.954
1700000000000156176,add,ask,30001.5,0.8372
1700000000000156232,trade,bid,29999.5,1.1593
1700000000000156282,add,ask,30001.5,0.9967
1700000000000156392,cancel,ask,30001.5,0.5507
1700000000000156450,trade,bid,29999.5,0.4765
1700000000000156577,trade,bid,29999.49,0.492
1700000000000156678,add,ask,30001.49,0.6492
1700000000000156819,cancel,ask,30001.49,0.1161
1700000000000156968,add,ask,30001.49,0.7863
1700000000000157074,trade,bid,29999.49,1.0282
1700000000000157190,trade,bid,29999.48,0.0887
1700000000000157316,trade,bid,29999.48,0.8532
1700000000000157444,trade,bid,29999.48,0.0915
1700000000000157524,add,ask,30001.48,1.172
1700000000000157585,cancel,ask,30001.48,0.9466
1700000000000157680,add,ask,30001.47,0.5163
1700000000000157755,trade,bid,29999.47,0.8975
1700000000000157813,cancel,ask,30001.47,0.682
1700000000000157955,add,ask,30001.47,1.1023
1700000000000158049,trade,bid,29999.47,0.9878
1700000000000158127,add,ask,30001.46,0.2737
1700000000000158228,trade,bid,29999.46,0.3503
1700000000000158330,trade,bid,29999.46,0.6924
1700000000000158444,trade,bid,29999.46,1.1391
1700000000000158559,cancel,ask,30001.46,1.0575
1700000000000158682,trade,bid,29999.45,0.5592
1700000000000158780,trade,bid,29999.45,0.9355
1700000000000158926,trade,bid,29999.45,0.9419
1700000000000159063,trade,bid,29999.45,0.7249
1700000000000159116,trade,bid,29999.45,0.3465
1700000000000159214,add,ask,30001.44,1.1933
1700000000000159350,add,ask,30001.44,0.9702
1700000000000159452,cancel,ask,30001.44,0.644
1700000000000159503,add,ask,30001.44,0.3529
1700000000000159589,trade,bid,29999.44,0.8248
1700000000000159682,trade,bid,29999.43,1.1211
1700000000000159792,trade,bid,29999.43,0.3014
1700000000000159915,trade,bid,29999.43,1.1392
1700000000000160052,cancel,ask,30001.43,0.2687
1700000000000160196,trade,bid,29999.43,0.8957
1700000000000160279,trade,bid,29999.42,0.2832
1700000000000160360,add,ask,30001.42,0.4594
1700000000000160509,trade,bid,29999.42,1.1082
1700000000000160645,cancel,ask,30001.42,0.6166
1700000000000160695,add,ask,30001.42,0.6727
1700000000000160750,add,ask,30001.41,0.4769
1700000000000160840,trade,bid,29999.41,1.1832
1700000000000160963,cancel,ask,30001.41,0.6144
1700000000000161110,cancel,ask,30001.41,0.3723
1700000000000161188,add,ask,30001.41,0.1975
1700000000000161305,add,ask,30001.4,0.6001
1700000000000161424,trade,bid,29999.4,0.4494
1700000000000161561,add,ask,30001.4,0.5758
1700000000000161626,add,ask,30001.4,0.5791
1700000000000161764,trade,bid,29999.4,0.8252
1700000000000161862,trade,bid,29999.39,0.4243
1700000000000161990,cancel,ask,30001.39,0.2652
1700000000000162073,trade,bid,29999.39,0.592
1700000000000162201,trade,bid,29999.39,0.2615
1700000000000162305,trade,bid,29999.39,0.8558
1700000000000162402,trade,bid,29999.38,0.5107
1700000000000162509,trade,bid,29999.38,0.2008
1700000000000162632,add,ask,30001.38,0.9863
1700000000000162774,trade,bid,29999.38,0.3212
1700000000000162879,cancel,ask,30001.38,0.2755
1700000000000163023,trade,bid,29999.37,0.9765
1700000000000163095,trade,bid,29999.37,0.2046
1700000000000163225,trade,bid,29999.37,0.8786
1700000000000163375,trade,bid,29999.37,0.3386
1700000000000163497,trade,bid,29999.37,0.1638
1700000000000163567,trade,bid,29999.36,0.9859
1700000000000163677,add,ask,30001.36,0.1607
1700000000000163822,trade,bid,29999.36,0.4651
1700000000000163943,trade,bid,29999.36,0.9815
1700000000000164037,trade,bid,29999.36,0.1894
1700000000000164173,cancel,ask,30001.35,0.2788
1700000000000164296,add,ask,30001.35,0.6692
1700000000000164445,trade,bid,29999.35,0.4239
1700000000000164560,trade,bid,29999.35,0.897
1700000000000164620,trade,bid,29999.35,0.3795
1700000000000164750,cancel,ask,30001.34,1.0485
1700000000000164881,add,ask,30001.34,0.438
1700000000000165011,add,ask,30001.34,0.5155
1700000000000165070,trade,bid,29999.34,0.4452
1700000000000165160,trade,bid,29999.34,0.3851
1700000000000165244,add,ask,30001.33,0.5048
1700000000000165350,add,ask,30001.33,1.1296
1700000000000165495,trade,bid,29999.33,1.1604
1700000000000165597,trade,bid,29999.33,1.0323
1700000000000165663,add,ask,30001.33,0.8113
1700000000000165808,add,ask,30001.32,0.1421
1700000000000165879,trade,bid,29999.32,0.1599
1700000000000165989,trade,bid,29999.32,0.0803
1700000000000166089,trade,bid,29999.32,1.1954
1700000000000166152,trade,bid,29999.32,0.2286
1700000000000166285,cancel,ask,30001.31,0.4983
1700000000000166364,trade,bid,29999.31,0.3768
1700000000000166494,trade,bid,29999.31,0.6558
1700000000000166565,trade,bid,29999.31,0.8131
1700000000000166656,cancel,ask,30001.31,0.5873
1700000000000166775,cancel,ask,30001.3,0.6808
1700000000000166842,cancel,ask,30001.3,0.8523
1700000000000166914,trade,bid,29999.3,0.575
1700000000000167059,add,ask,30001.3,0.6986
1700000000000167176,add,ask,30001.3,0.6639
1700000000000167270,trade,bid,29999.29,0.3112
1700000000000167331,trade,bid,29999.29,0.4707
1700000000000167414,trade,bid,29999.29,0.0621
1700000000000167530,add,ask,30001.29,1.0251
1700000000000167624,trade,bid,29999.29,0.6654
1700000000000167762,cancel,ask,30001.28,1.139
1700000000000167873,trade,bid,29999.28,0.9307
1700000000000167960,trade,bid,29999.28,0.9663
1700000000000168080,trade,bid,29999.28,0.5235
1700000000000168201,trade,bid,29999.28,0.3374
1700000000000168342,add,ask,30001.27,0.4982
1700000000000168440,trade,bid,29999.27,0.1411
1700000000000168570,trade,bid,29999.27,0.9292
1700000000000168698,add,ask,30001.27,0.8373
1700000000000168784,add,ask,30001.27,0.6617
1700000000000168868,trade,bid,29999.26,1.0315
1700000000000168941,trade,bid,29999.26,0.1769
1700000000000169049,add,ask,30001.26,0.363
1700000000000169178,trade,bid,29999.26,0.4187
1700000000000169247,trade,bid,29999.26,0.6652
1700000000000169320,cancel,ask,30001.25,0.3744
1700000000000169386,add,ask,30001.25,0.8862
1700000000000169465,trade,bid,29999.25,0.0669
1700000000000169542,trade,bid,29999.25,0.4083
1700000000000169655,cancel,ask,30001.25,0.5832
1700000000000169709,trade,bid,29999.24,1.0201
1700000000000169777,trade,bid,29999.24,0.942
1700000000000169836,trade,bid,29999.24,0.2588
1700000000000169918,add,ask,30001.24,1.0025
1700000000000169983,cancel,ask,30001.24,0.8719
1700000000000170082,add,ask,30001.23,0.5594
1700000000000170226,cancel,ask,30001.23,0.2791
1700000000000170370,add,ask,30001.23,0.6493
1700000000000170446,trade,bid,29999.23,0.8337
1700000000000170535,cancel,ask,30001.23,0.2324
1700000000000170678,trade,bid,29999.22,1.128
1700000000000170794,trade,bid,29999.22,0.6034
1700000000000170882,trade,bid,29999.22,1.0706
1700000000000171017,trade,bid,29999.22,0.1799
1700000000000171148,trade,bid,29999.22,0.0673
1700000000000171233,trade,bid,29999.21,0.5052
1700000000000171314,trade,bid,29999.21,0.0983
1700000000000171464,add,ask,30001.21,0.8417
1700000000000171533,trade,bid,29999.21,0.1529
1700000000000171603,trade,bid,29999.21,0.8388
1700000000000171696,cancel,ask,30001.2,1.1965
1700000000000171826,trade,bid,29999.2,0.4588
1700000000000171895,add,ask,30001.2,0.9602
1700000000000171961,trade,bid,29999.2,0.4143
1700000000000172082,add,ask,30001.2,0.9202
1700000000000172188,add,ask,30001.19,0.0746
1700000000000172286,trade,bid,29999.19,0.2049
1700000000000172341,trade,bid,29999.19,0.5531
1700000000000172428,trade,bid,29999.19,0.6136
1700000000000172550,trade,bid,29999.19,0.4498
1700000000000172693,trade,bid,29999.18,1.0478
1700000000000172819,cancel,ask,30001.18,0.6877
1700000000000172877,trade,bid,29999.18,0.5668
1700000000000172960,trade,bid,29999.18,0.5722
1700000000000173109,add,ask,30001.18,0.4859
1700000000000173182,cancel,ask,30001.17,0.7627
1700000000000173278,add,ask,30001.17,0.3246
1700000000000173420,trade,bid,29999.17,1.1622
1700000000000173519,trade,bid,29999.17,0.8357
1700000000000173667,trade,bid,29999.17,0.755
1700000000000173758,trade,bid,29999.16,0.4203
1700000000000173820,trade,bid,29999.16,0.1267
1700000000000173886,trade,bid,29999.16,0.086
1700000000000173949,trade,bid,29999.16,0.1636
1700000000000174072,add,ask,30001.16,0.4969
1700000000000174184,trade,bid,29999.15,0.8565
1700000000000174266,trade,bid,29999.15,0.3038
1700000000000174407,trade,bid,29999.15,1.1197
1700000000000174483,add,ask,30001.15,1.1177
1700000000000174543,trade,bid,29999.15,0.7848
1700000000000174639,trade,bid,29999.14,1.129
1700000000000174742,add,ask,30001.14,0.9634
1700000000000174799,add,ask,30001.14,0.3557
1700000000000174854,add,ask,30001.14,1.0096
1700000000000174913,cancel,ask,30001.14,1.1547
1700000000000174975,trade,bid,29999.13,0.3157
1700000000000175074,trade,bid,29999.13,0.6551
1700000000000175155,trade,bid,29999.13,1.1396
1700000000000175276,add,ask,30001.13,0.5275
1700000000000175339,add,ask,30001.13,0.713
1700000000000175475,trade,bid,29999.12,0.815
1700000000000175538,trade,bid,29999.12,0.2575
1700000000000175639,trade,bid,29999.12,0.8062
1700000000000175757,cancel,ask,30001.12,0.5595
1700000000000175852,cancel,ask,30001.12,0.6826
1700000000000175943,add,ask,30001.11,0.5242
1700000000000176074,trade,bid,29999.11,0.8847
1700000000000176201,trade,bid,29999.11,0.6775
1700000000000176299,add,ask,30001.11,1.1151
1700000000000176381,trade,bid,29999.11,0.5703
1700000000000176481,trade,bid,29999.1,0.0899
1700000000000176567,trade,bid,29999.1,0.6453
1700000000000176655,trade,bid,29999.1,1.1821
1700000000000176732,cancel,ask,30001.1,0.075
1700000000000176870,add,ask,30001.1,1.107
1700000000000176985,trade,bid,29999.09,1.1148
1700000000000177054,trade,bid,29999.09,0.5794
1700000000000177123,trade,bid,29999.09,0.4721
1700000000000177247,trade,bid,29999.09,0.3447
1700000000000177335,trade,bid,29999.09,0.5098
1700000000000177412,add,ask,30001.08,0.8821
1700000000000177523,trade,bid,29999.08,0.9996
1700000000000177661,add,ask,30001.08,0.9924
1700000000000177723,trade,bid,29999.08,0.3955
1700000000000177866,add,ask,30001.08,0.4888
1700000000000178015,trade,bid,29999.07,0.9365
1700000000000178109,cancel,ask,30001.07,0.5495
1700000000000178174,cancel,ask,30001.07,0.3107
1700000000000178307,add,ask,30001.07,1.118
1700000000000178438,add,ask,30001.07,0.4899
1700000000000178527,trade,bid,29999.06,0.4172
1700000000000178649,trade,bid,29999.06,0.6278
1700000000000178727,trade,bid,29999.06,0.8247
1700000000000178827,cancel,ask,30001.06,0.9158
1700000000000178950,trade,bid,29999.06,0.3054
1700000000000179037,add,ask,30001.05,0.2202
1700000000000179130,trade,bid,29999.05,0.7072
1700000000000179186,trade,bid,29999.05,0.3519
1700000000000179287,trade,bid,29999.05,0.9399
1700000000000179353,add,ask,30001.05,0.6031
1700000000000179428,trade,bid,29999.04,0.8001
1700000000000179503,trade,bid,29999.04,1.1966
1700000000000179620,trade,bid,29999.04,0.1324
1700000000000179769,trade,bid,29999.04,0.8374
1700000000000179892,trade,bid,29999.04,0.8225
1700000000000179996,trade,bid,29999.03,0.2691
1700000000000180090,trade,bid,29999.03,0.0778
1700000000000180179,trade,bid,29999.03,0.4522
1700000000000180285,add,ask,30001.03,0.5565
1700000000000180364,trade,bid,29999.03,0.4799
1700000000000180510,add,ask,30001.02,0.1487
1700000000000180654,trade,bid,29999.02,1.1413
1700000000000180722,cancel,ask,30001.02,0.9932
1700000000000180773,trade,bid,29999.02,0.9749
1700000000000180862,trade,bid,29999.02,0.0762
1700000000000180938,add,ask,30001.01,0.2937
1700000000000181057,trade,bid,29999.01,0.3475
1700000000000181168,add,ask,30001.01,1.1911
1700000000000181306,add,ask,30001.01,0.0711
1700000000000181430,cancel,ask,30001.01,0.6558
1700000000000181512,trade,bid,29999.0,0.3766
1700000000000181651,add,ask,30001.0,0.111
1700000000000181784,cancel,ask,30001.0,0.1266
1700000000000181918,trade,bid,29999.0,1.0299
1700000000000182052,trade,ask,30001.0,0.1741
1700000000000182139,cancel,bid,29999.0,0.7968
1700000000000182218,cancel,bid,29999.0,0.6348
1700000000000182358,trade,ask,30001.01,0.4128
1700000000000182484,trade,ask,30001.01,0.2644
1700000000000182598,cancel,bid,29999.01,0.6948
1700000000000182739,trade,ask,30001.01,0.3345
1700000000000182856,trade,ask,30001.01,0.6134
1700000000000183001,trade,ask,30001.02,0.4488
1700000000000183096,trade,ask,30001.02,0.3977
1700000000000183210,trade,ask,30001.02,0.1213
1700000000000183292,cancel,bid,29999.02,1.074
1700000000000183345,cancel,bid,29999.02,1.1415
1700000000000183423,trade,ask,30001.03,1.0818
1700000000000183557,trade,ask,30001.03,0.8894
1700000000000183673,cancel,bid,29999.03,0.7543
1700000000000183803,add,bid,29999.03,0.5299
1700000000000183926,trade,ask,30001.03,1.1661
1700000000000184053,trade,ask,30001.04,0.6736
1700000000000184129,add,bid,29999.04,0.7182
1700000000000184266,add,bid,29999.04,1.042
1700000000000184355,add,bid,29999.04,1.0834
1700000000000184422,trade,ask,30001.04,1.0954
1700000000000184570,trade,ask,30001.05,1.123
1700000000000184640,trade,ask,30001.05,0.6909
1700000000000184782,trade,ask,30001.05,0.4152
1700000000000184850,add,bid,29999.05,0.9303
1700000000000184952,cancel,bid,29999.05,0.3989
1700000000000185097,cancel,bid,29999.06,1.0782
1700000000000185241,trade,ask,30001.06,0.946
1700000000000185304,trade,ask,30001.06,0.0801
1700000000000185432,add,bid,29999.06,0.7464
1700000000000185560,trade,ask,30001.06,0.317
1700000000000185697,trade,ask,30001.07,0.1414
1700000000000185846,trade,ask,30001.07,0.6277
1700000000000185973,trade,ask,30001.07,0.797
1700000000000186046,cancel,bid,29999.07,0.6152
1700000000000186113,trade,ask,30001.07,0.3102
1700000000000186215,add,bid,29999.08,0.0673
1700000000000186299,cancel,bid,29999.08,0.3059
1700000000000186434,cancel,bid,29999.08,0.9214
1700000000000186492,trade,ask,30001.08,1.1479
1700000000000186598,cancel,bid,29999.08,0.6134
1700000000000186689,cancel,bid,29999.09,1.0707
1700000000000186793,trade,ask,30001.09,0.0981
1700000000000186937,add,bid,29999.09,0.8782
1700000000000187037,add,bid,29999.09,0.9038
1700000000000187163,trade,ask,30001.09,0.7876
1700000000000187303,add,bid,29999.1,0.6487
1700000000000187410,trade,ask,30001.1,1.0594
1700000000000187491,trade,ask,30001.1,0.505
1700000000000187635,trade,ask,30001.1,0.4955
1700000000000187782,add,bid,29999.1,0.1067
1700000000000187869,trade,ask,30001.11,1.0671
1700000000000188018,add,bid,29999.11,0.5805
1700000000000188122,trade,ask,30001.11,1.1069
1700000000000188260,trade,ask,30001.11,0.2136
1700000000000188392,trade,ask,30001.11,0.881
1700000000000188456,trade,ask,30001.12,0.7233
1700000000000188595,trade,ask,30001.12,0.502
1700000000000188686,trade,ask,30001.12,0.2557
1700000000000188811,cancel,bid,29999.12,1.0802
1700000000000188919,trade,ask,30001.12,0.4227
1700000000000189052,cancel,bid,29999.13,0.966
1700000000000189193,add,bid,29999.13,0.1549
1700000000000189333,trade,ask,30001.13,0.4674
1700000000000189450,add,bid,29999.13,0.8859
1700000000000189565,add,bid,29999.13,0.2339
1700000000000189685,trade,ask,30001.14,0.9335
1700000000000189777,trade,ask,30001.14,0.8085
1700000000000189846,trade,ask,30001.14,0.2163
1700000000000189994,add,bid,29999.14,0.5325
1700000000000190083,add,bid,29999.14,1.1551
1700000000000190169,add,bid,29999.15,0.1852
1700000000000190235,cancel,bid,29999.15,0.0541
1700000000000190382,trade,ask,30001.15,0.5774
1700000000000190495,trade,ask,30001.15,0.0566
1700000000000190608,trade,ask,30001.15,0.7272
1700000000000190718,trade,ask,30001.16,0.5582
1700000000000190844,add,bid,29999.16,0.3314
1700000000000190964,trade,ask,30001.16,0.7729
1700000000000191040,trade,ask,30001.16,0.2205
1700000000000191173,trade,ask,30001.16,0.2172
1700000000000191227,add,bid,29999.17,1.0137
1700000000000191315,trade,ask,30001.17,0.1509
1700000000000191378,trade,ask,30001.17,0.255
1700000000000191514,trade,ask,30001.17,0.8101
1700000000000191653,trade,ask,30001.17,0.9554
1700000000000191725,cancel,bid,29999.18,0.9117
1700000000000191821,cancel,bid,29999.18,0.1571
1700000000000191909,trade,ask,30001.18,1.0822
1700000000000191967,add,bid,29999.18,1.0198
1700000000000192025,trade,ask,30001.18,0.2047
1700000000000192163,cancel,bid,29999.19,0.4286
1700000000000192265,trade,ask,30001.19,0.8502
1700000000000192393,trade,ask,30001.19,0.7071
1700000000000192523,trade,ask,30001.19,0.1508
1700000000000192665,add,bid,29999.19,1.124
1700000000000192805,trade,ask,30001.2,0.7502
1700000000000192895,trade,ask,30001.2,0.7114
1700000000000193024,trade,ask,30001.2,0.1992
1700000000000193146,trade,ask,30001.2,0.8886
1700000000000193259,trade,ask,30001.2,0.2569
1700000000000193387,trade,ask,30001.21,0.3841
1700000000000193461,trade,ask,30001.21,0.0776
1700000000000193591,add,bid,29999.21,0.8981
1700000000000193667,add,bid,29999.21,1.1988
1700000000000193769,trade,ask,30001.21,0.4521
1700000000000193900,trade,ask,30001.22,0.7867
1700000000000194038,trade,ask,30001.22,0.9587
1700000000000194127,trade,ask,30001.22,0.6825
1700000000000194275,trade,ask,30001.22,0.8387
1700000000000194368,trade,ask,30001.22,0.7043
1700000000000194421,add,bid,29999.23,0.2731
1700000000000194514,cancel,bid,29999.23,0.601
1700000000000194624,add,bid,29999.23,0.7925
1700000000000194735,trade,ask,30001.23,0.5797
1700000000000194853,cancel,bid,29999.23,0.5818
1700000000000194955,cancel,bid,29999.24,0.1144
1700000000000195071,trade,ask,30001.24,0.8837
1700000000000195161,trade,ask,30001.24,0.0715
1700000000000195284,add,bid,29999.24,0.9695
1700000000000195379,trade,ask,30001.24,0.2217
1700000000000195432,trade,ask,30001.25,0.4815
1700000000000195550,add,bid,29999.25,0.7066
1700000000000195649,trade,ask,30001.25,0.1844
1700000000000195799,add,bid,29999.25,0.8611
1700000000000195889,add,bid,29999.25,0.3622
1700000000000195950,trade,ask,30001.26,0.3233
1700000000000196057,add,bid,29999.26,0.398
1700000000000196174,trade,ask,30001.26,0.1791
1700000000000196324,trade,ask,30001.26,0.2824
1700000000000196385,trade,ask,30001.26,0.0787
1700000000000196496,cancel,bid,29999.27,0.2272
1700000000000196589,cancel,bid,29999.27,0.8923
1700000000000196706,trade,ask,30001.27,0.4264
1700000000000196854,cancel,bid,29999.27,0.9955
1700000000000196970,add,bid,29999.27,0.2026
1700000000000197112,trade,ask,30001.28,0.4957
1700000000000197228,trade,ask,30001.28,0.4076
1700000000000197283,add,bid,29999.28,0.7334
1700000000000197344,trade,ask,30001.28,1.0726
1700000000000197407,trade,ask,30001.28,0.8078
1700000000000197496,trade,ask,30001.29,0.9223
1700000000000197627,cancel,bid,29999.29,0.419
1700000000000197701,trade,ask,30001.29,0.6621
1700000000000197849,trade,ask,30001.29,0.1853
1700000000000197918,trade,ask,30001.29,0.1816
1700000000000198047,trade,ask,30001.3,0.1677
1700000000000198166,trade,ask,30001.3,0.4163
1700000000000198234,cancel,bid,29999.3,0.9746
1700000000000198357,trade,ask,30001.3,0.1319
1700000000000198485,cancel,bid,29999.3,0.6717
1700000000000198541,trade,ask,30001.31,0.5913
1700000000000198677,trade,ask,30001.31,0.4911
1700000000000198738,trade,ask,30001.31,0.2558
1700000000000198864,cancel,bid,29999.31,0.7739
1700000000000199002,add,bid,29999.31,0.7588
1700000000000199091,trade,ask,30001.32,0.2779
1700000000000199238,add,bid,29999.32,0.6635
1700000000000199384,add,bid,29999.32,0.703
1700000000000199445,add,bid,29999.32,1.1076
1700000000000199554,trade,ask,30001.32,0.407
1700000000000199686,add,bid,29999.33,0.5852
1700000000000199765,cancel,bid,29999.33,0.2153
1700000000000199893,trade,ask,30001.33,0.468
1700000000000199966,add,bid,29999.33,0.815
1700000000000200116,cancel,bid,29999.33,0.4235
1700000000000200228,trade,ask,30001.34,0.5966
1700000000000200322,trade,ask,30001.34,1.0226
1700000000000200408,add,bid,29999.34,0.7451
1700000000000200474,trade,ask,30001.34,0.5165
1700000000000200615,add,bid,29999.34,0.4248
1700000000000200748,trade,ask,30001.35,0.3974
1700000000000200857,trade,ask,30001.35,0.5255
1700000000000200986,trade,ask,30001.35,0.2329
1700000000000201097,trade,ask,30001.35,0.4418
1700000000000201235,trade,ask,30001.35,0.952
1700000000000201340,trade,ask,30001.36,0.4435
1700000000000201478,trade,ask,30001.36,0.812
1700000000000201537,add,bid,29999.36,0.8687
1700000000000201649,trade,ask,30001.36,0.7355
1700000000000201740,trade,ask,30001.36,0.9953
1700000000000201812,trade,ask,30001.37,0.5167
1700000000000201938,trade,ask,30001.37,0.9862
1700000000000202086,add,bid,29999.37,0.4265
1700000000000202218,add,bid,29999.37,0.1541
1700000000000202285,cancel,bid,29999.37,1.0887
1700000000000202416,add,bid,29999.38,0.9206
1700000000000202550,trade,ask,30001.38,0.6609
1700000000000202649,add,bid,29999.38,0.5642
1700000000000202725,add,bid,29999.38,0.4141
1700000000000202847,add,bid,29999.38,0.8315
1700000000000202952,add,bid,29999.39,1.1024
1700000000000203013,trade,ask,30001.39,0.7532
1700000000000203128,trade,ask,30001.39,0.1967
1700000000000203215,trade,ask,30001.39,1.0862
1700000000000203271,trade,ask,30001.39,0.694
1700000000000203366,trade,ask,30001.4,0.3745
1700000000000203419,trade,ask,30001.4,0.8576
